/*
SQLyog Ultimate v11.11 (32 bit)
MySQL - 5.7.21 : Database - voyager
*********************************************************************
*/

/*!40101 SET NAMES utf8 */;

/*!40101 SET SQL_MODE=''*/;

/*!40014 SET @OLD_UNIQUE_CHECKS=@@UNIQUE_CHECKS, UNIQUE_CHECKS=0 */;
/*!40014 SET @OLD_FOREIGN_KEY_CHECKS=@@FOREIGN_KEY_CHECKS, FOREIGN_KEY_CHECKS=0 */;
/*!40101 SET @OLD_SQL_MODE=@@SQL_MODE, SQL_MODE='NO_AUTO_VALUE_ON_ZERO' */;
/*!40111 SET @OLD_SQL_NOTES=@@SQL_NOTES, SQL_NOTES=0 */;
/*Table structure for table `categories` */

DROP TABLE IF EXISTS `categories`;

CREATE TABLE `categories` (
  `id` int(10) unsigned NOT NULL AUTO_INCREMENT,
  `parent_id` int(10) unsigned DEFAULT NULL,
  `order` int(11) NOT NULL DEFAULT '1',
  `name` varchar(255) COLLATE utf8mb4_unicode_ci NOT NULL,
  `slug` varchar(255) COLLATE utf8mb4_unicode_ci NOT NULL,
  `created_at` timestamp NULL DEFAULT NULL,
  `updated_at` timestamp NULL DEFAULT NULL,
  PRIMARY KEY (`id`),
  UNIQUE KEY `categories_slug_unique` (`slug`),
  KEY `categories_parent_id_foreign` (`parent_id`),
  CONSTRAINT `categories_parent_id_foreign` FOREIGN KEY (`parent_id`) REFERENCES `categories` (`id`) ON DELETE SET NULL ON UPDATE CASCADE
) ENGINE=InnoDB AUTO_INCREMENT=3 DEFAULT CHARSET=utf8mb4 COLLATE=utf8mb4_unicode_ci;

/*Data for the table `categories` */

insert  into `categories`(`id`,`parent_id`,`order`,`name`,`slug`,`created_at`,`updated_at`) values (1,NULL,1,'Category 1','category-1','2018-12-08 13:58:09','2018-12-08 13:58:09'),(2,NULL,1,'Category 2','category-2','2018-12-08 13:58:09','2018-12-08 13:58:09');

/*Table structure for table `data_rows` */

DROP TABLE IF EXISTS `data_rows`;

CREATE TABLE `data_rows` (
  `id` int(10) unsigned NOT NULL AUTO_INCREMENT,
  `data_type_id` int(10) unsigned NOT NULL,
  `field` varchar(255) COLLATE utf8mb4_unicode_ci NOT NULL,
  `type` varchar(255) COLLATE utf8mb4_unicode_ci NOT NULL,
  `display_name` varchar(255) COLLATE utf8mb4_unicode_ci NOT NULL,
  `required` tinyint(1) NOT NULL DEFAULT '0',
  `browse` tinyint(1) NOT NULL DEFAULT '1',
  `read` tinyint(1) NOT NULL DEFAULT '1',
  `edit` tinyint(1) NOT NULL DEFAULT '1',
  `add` tinyint(1) NOT NULL DEFAULT '1',
  `delete` tinyint(1) NOT NULL DEFAULT '1',
  `details` text COLLATE utf8mb4_unicode_ci,
  `order` int(11) NOT NULL DEFAULT '1',
  PRIMARY KEY (`id`),
  KEY `data_rows_data_type_id_foreign` (`data_type_id`),
  CONSTRAINT `data_rows_data_type_id_foreign` FOREIGN KEY (`data_type_id`) REFERENCES `data_types` (`id`) ON DELETE CASCADE ON UPDATE CASCADE
) ENGINE=InnoDB AUTO_INCREMENT=100 DEFAULT CHARSET=utf8mb4 COLLATE=utf8mb4_unicode_ci;

/*Data for the table `data_rows` */

insert  into `data_rows`(`id`,`data_type_id`,`field`,`type`,`display_name`,`required`,`browse`,`read`,`edit`,`add`,`delete`,`details`,`order`) values (1,1,'id','number','ID',1,0,0,0,0,0,NULL,1),(2,1,'name','text','Name',1,1,1,1,1,1,NULL,2),(3,1,'email','text','Email',1,1,1,1,1,1,NULL,3),(4,1,'password','password','Password',1,0,0,1,1,0,NULL,4),(5,1,'remember_token','text','Remember Token',0,0,0,0,0,0,NULL,5),(6,1,'created_at','timestamp','Created At',0,1,1,0,0,0,NULL,6),(7,1,'updated_at','timestamp','Updated At',0,0,0,0,0,0,NULL,7),(8,1,'avatar','image','Avatar',0,1,1,1,1,1,NULL,8),(9,1,'user_belongsto_role_relationship','relationship','Role',0,1,1,1,1,0,'{\"model\":\"TCG\\\\Voyager\\\\Models\\\\Role\",\"table\":\"roles\",\"type\":\"belongsTo\",\"column\":\"role_id\",\"key\":\"id\",\"label\":\"display_name\",\"pivot_table\":\"roles\",\"pivot\":0}',10),(10,1,'user_belongstomany_role_relationship','relationship','Roles',0,1,1,1,1,0,'{\"model\":\"TCG\\\\Voyager\\\\Models\\\\Role\",\"table\":\"roles\",\"type\":\"belongsToMany\",\"column\":\"id\",\"key\":\"id\",\"label\":\"display_name\",\"pivot_table\":\"user_roles\",\"pivot\":\"1\",\"taggable\":\"0\"}',11),(11,1,'locale','text','Locale',0,1,1,1,1,0,NULL,12),(12,1,'settings','hidden','Settings',0,0,0,0,0,0,NULL,12),(13,2,'id','number','ID',1,0,0,0,0,0,NULL,1),(14,2,'name','text','Name',1,1,1,1,1,1,NULL,2),(15,2,'created_at','timestamp','Created At',0,0,0,0,0,0,NULL,3),(16,2,'updated_at','timestamp','Updated At',0,0,0,0,0,0,NULL,4),(17,3,'id','number','ID',1,0,0,0,0,0,NULL,1),(18,3,'name','text','Name',1,1,1,1,1,1,NULL,2),(19,3,'created_at','timestamp','Created At',0,0,0,0,0,0,NULL,3),(20,3,'updated_at','timestamp','Updated At',0,0,0,0,0,0,NULL,4),(21,3,'display_name','text','Display Name',1,1,1,1,1,1,NULL,5),(22,1,'role_id','text','Role',1,1,1,1,1,1,NULL,9),(23,4,'id','number','ID',1,0,0,0,0,0,NULL,1),(24,4,'parent_id','select_dropdown','Parent',0,0,1,1,1,1,'{\"default\":\"\",\"null\":\"\",\"options\":{\"\":\"-- None --\"},\"relationship\":{\"key\":\"id\",\"label\":\"name\"}}',2),(25,4,'order','text','Order',1,1,1,1,1,1,'{\"default\":1}',3),(26,4,'name','text','Name',1,1,1,1,1,1,NULL,4),(27,4,'slug','text','Slug',1,1,1,1,1,1,'{\"slugify\":{\"origin\":\"name\"}}',5),(28,4,'created_at','timestamp','Created At',0,0,1,0,0,0,NULL,6),(29,4,'updated_at','timestamp','Updated At',0,0,0,0,0,0,NULL,7),(30,5,'id','number','ID',1,0,0,0,0,0,NULL,1),(31,5,'author_id','text','Author',1,0,1,1,0,1,NULL,2),(32,5,'category_id','text','Category',1,0,1,1,1,0,NULL,3),(33,5,'title','text','Title',1,1,1,1,1,1,NULL,4),(34,5,'excerpt','text_area','Excerpt',1,0,1,1,1,1,NULL,5),(35,5,'body','rich_text_box','Body',1,0,1,1,1,1,NULL,6),(36,5,'image','image','Post Image',0,1,1,1,1,1,'{\"resize\":{\"width\":\"1000\",\"height\":\"null\"},\"quality\":\"70%\",\"upsize\":true,\"thumbnails\":[{\"name\":\"medium\",\"scale\":\"50%\"},{\"name\":\"small\",\"scale\":\"25%\"},{\"name\":\"cropped\",\"crop\":{\"width\":\"300\",\"height\":\"250\"}}]}',7),(37,5,'slug','text','Slug',1,0,1,1,1,1,'{\"slugify\":{\"origin\":\"title\",\"forceUpdate\":true},\"validation\":{\"rule\":\"unique:posts,slug\"}}',8),(38,5,'meta_description','text_area','Meta Description',1,0,1,1,1,1,NULL,9),(39,5,'meta_keywords','text_area','Meta Keywords',1,0,1,1,1,1,NULL,10),(40,5,'status','select_dropdown','Status',1,1,1,1,1,1,'{\"default\":\"DRAFT\",\"options\":{\"PUBLISHED\":\"published\",\"DRAFT\":\"draft\",\"PENDING\":\"pending\"}}',11),(41,5,'created_at','timestamp','Created At',0,1,1,0,0,0,NULL,12),(42,5,'updated_at','timestamp','Updated At',0,0,0,0,0,0,NULL,13),(43,5,'seo_title','text','SEO Title',0,1,1,1,1,1,NULL,14),(44,5,'featured','checkbox','Featured',1,1,1,1,1,1,NULL,15),(45,6,'id','number','ID',1,0,0,0,0,0,NULL,1),(46,6,'author_id','text','Author',1,0,0,0,0,0,NULL,2),(47,6,'title','text','Title',1,1,1,1,1,1,NULL,3),(48,6,'excerpt','text_area','Excerpt',1,0,1,1,1,1,NULL,4),(49,6,'body','rich_text_box','Body',1,0,1,1,1,1,NULL,5),(50,6,'slug','text','Slug',1,0,1,1,1,1,'{\"slugify\":{\"origin\":\"title\"},\"validation\":{\"rule\":\"unique:pages,slug\"}}',6),(51,6,'meta_description','text','Meta Description',1,0,1,1,1,1,NULL,7),(52,6,'meta_keywords','text','Meta Keywords',1,0,1,1,1,1,NULL,8),(53,6,'status','select_dropdown','Status',1,1,1,1,1,1,'{\"default\":\"INACTIVE\",\"options\":{\"INACTIVE\":\"INACTIVE\",\"ACTIVE\":\"ACTIVE\"}}',9),(54,6,'created_at','timestamp','Created At',1,1,1,0,0,0,NULL,10),(55,6,'updated_at','timestamp','Updated At',1,0,0,0,0,0,NULL,11),(56,6,'image','image','Page Image',0,1,1,1,1,1,NULL,12),(74,8,'id','text','Id',1,0,0,0,0,0,'{}',1),(75,8,'user_id','text','User Id',1,0,1,1,1,1,'{}',4),(76,8,'supplier_id','text','Supplier Id',1,0,1,1,1,1,'{}',5),(77,8,'code','text','Code',0,1,1,1,1,1,'{\"validation\":{\"rule\":\"max:100\"}}',6),(78,8,'supplier_code','text','Supplier Code',0,1,1,1,1,1,'{\"validation\":{\"rule\":\"max:100\"}}',7),(79,8,'stock','number','Stock',1,1,1,1,1,1,'{\"validation\":{\"rule\":\"integer\"}}',8),(80,8,'number_of_purchases','number','Number Of Purchases',1,0,1,1,1,1,'{\"validation\":{\"rule\":\"integer\"}}',9),(81,8,'number_of_sales','number','Number Of Sales',1,0,1,1,1,1,'{\"validation\":{\"rule\":\"integer\"}}',10),(82,8,'purchase_price','number','Purchase Price',1,0,1,1,1,1,'{\"validation\":{\"rule\":\"numeric\"}}',11),(83,8,'selling_price','number','Selling Price',1,0,1,1,1,1,'{\"validation\":{\"rule\":\"numeric\"}}',12),(84,8,'profit','number','Profit',1,0,1,1,1,1,'{\"validation\":{\"rule\":\"numeric\"}}',13),(85,8,'product_url','text','Product Url',0,0,1,1,1,1,'{\"validation\":{\"rule\":\"max:256\"}}',14),(86,8,'supplier_url','text','Supplier Url',0,0,1,1,1,1,'{\"validation\":{\"rule\":\"max:256\"}}',15),(87,8,'note','text','Note',0,0,1,1,1,1,'{\"validation\":{\"rule\":\"max:100\"}}',16),(88,8,'created_at','timestamp','Created At',0,0,1,1,0,1,'{}',17),(89,8,'updated_at','timestamp','Updated At',0,0,0,0,0,0,'{}',18),(90,8,'deleted_at','timestamp','Deleted At',0,0,0,0,0,1,'{}',19),(91,9,'id','hidden','Id',1,0,0,0,0,0,'{}',1),(92,9,'user_id','number','User Id',0,1,1,1,1,1,'{}',3),(93,9,'name','text','Name',1,1,1,1,1,1,'{\"validation\":{\"rule\":\"required|max:100\"}}',4),(94,9,'created_at','timestamp','Created At',0,0,0,0,0,1,'{}',5),(95,9,'updated_at','timestamp','Updated At',0,0,0,0,0,0,'{}',6),(96,9,'deleted_at','timestamp','Deleted At',0,0,0,0,0,1,'{}',7),(97,8,'product_belongsto_user_relationship','relationship','User',0,1,1,1,1,1,'{\"model\":\"App\\\\User\",\"table\":\"users\",\"type\":\"belongsTo\",\"column\":\"user_id\",\"key\":\"id\",\"label\":\"name\",\"pivot_table\":\"categories\",\"pivot\":\"0\",\"taggable\":\"0\"}',2),(98,8,'product_belongsto_supplier_relationship','relationship','Supplier',0,1,1,1,1,1,'{\"model\":\"App\\\\Supplier\",\"table\":\"suppliers\",\"type\":\"belongsTo\",\"column\":\"supplier_id\",\"key\":\"id\",\"label\":\"name\",\"pivot_table\":\"categories\",\"pivot\":\"0\",\"taggable\":\"0\"}',3),(99,9,'supplier_belongsto_user_relationship','relationship','User',0,1,1,1,1,1,'{\"model\":\"App\\\\User\",\"table\":\"users\",\"type\":\"belongsTo\",\"column\":\"user_id\",\"key\":\"id\",\"label\":\"name\",\"pivot_table\":\"categories\",\"pivot\":\"0\",\"taggable\":\"0\"}',2);

/*Table structure for table `data_types` */

DROP TABLE IF EXISTS `data_types`;

CREATE TABLE `data_types` (
  `id` int(10) unsigned NOT NULL AUTO_INCREMENT,
  `name` varchar(255) COLLATE utf8mb4_unicode_ci NOT NULL,
  `slug` varchar(255) COLLATE utf8mb4_unicode_ci NOT NULL,
  `display_name_singular` varchar(255) COLLATE utf8mb4_unicode_ci NOT NULL,
  `display_name_plural` varchar(255) COLLATE utf8mb4_unicode_ci NOT NULL,
  `icon` varchar(255) COLLATE utf8mb4_unicode_ci DEFAULT NULL,
  `model_name` varchar(255) COLLATE utf8mb4_unicode_ci DEFAULT NULL,
  `policy_name` varchar(255) COLLATE utf8mb4_unicode_ci DEFAULT NULL,
  `controller` varchar(255) COLLATE utf8mb4_unicode_ci DEFAULT NULL,
  `description` varchar(255) COLLATE utf8mb4_unicode_ci DEFAULT NULL,
  `generate_permissions` tinyint(1) NOT NULL DEFAULT '0',
  `server_side` tinyint(4) NOT NULL DEFAULT '0',
  `details` text COLLATE utf8mb4_unicode_ci,
  `created_at` timestamp NULL DEFAULT NULL,
  `updated_at` timestamp NULL DEFAULT NULL,
  PRIMARY KEY (`id`),
  UNIQUE KEY `data_types_name_unique` (`name`),
  UNIQUE KEY `data_types_slug_unique` (`slug`)
) ENGINE=InnoDB AUTO_INCREMENT=10 DEFAULT CHARSET=utf8mb4 COLLATE=utf8mb4_unicode_ci;

/*Data for the table `data_types` */

insert  into `data_types`(`id`,`name`,`slug`,`display_name_singular`,`display_name_plural`,`icon`,`model_name`,`policy_name`,`controller`,`description`,`generate_permissions`,`server_side`,`details`,`created_at`,`updated_at`) values (1,'users','users','User','Users','voyager-person','TCG\\Voyager\\Models\\User','TCG\\Voyager\\Policies\\UserPolicy','','',1,0,NULL,'2018-12-08 13:58:09','2018-12-08 13:58:09'),(2,'menus','menus','Menu','Menus','voyager-list','TCG\\Voyager\\Models\\Menu',NULL,'','',1,0,NULL,'2018-12-08 13:58:09','2018-12-08 13:58:09'),(3,'roles','roles','Role','Roles','voyager-lock','TCG\\Voyager\\Models\\Role',NULL,'','',1,0,NULL,'2018-12-08 13:58:09','2018-12-08 13:58:09'),(4,'categories','categories','Category','Categories','voyager-categories','TCG\\Voyager\\Models\\Category',NULL,'','',1,0,NULL,'2018-12-08 13:58:09','2018-12-08 13:58:09'),(5,'posts','posts','Post','Posts','voyager-news','TCG\\Voyager\\Models\\Post','TCG\\Voyager\\Policies\\PostPolicy','','',1,0,NULL,'2018-12-08 13:58:09','2018-12-08 13:58:09'),(6,'pages','pages','Page','Pages','voyager-file-text','TCG\\Voyager\\Models\\Page',NULL,'','',1,0,NULL,'2018-12-08 13:58:10','2018-12-08 13:58:10'),(8,'products','products','Product','Products','voyager-bag','App\\Product',NULL,NULL,NULL,1,1,'{\"order_column\":\"code\",\"order_display_column\":null}','2018-12-09 05:08:18','2018-12-11 00:43:04'),(9,'suppliers','suppliers','Supplier','Suppliers','voyager-truck','App\\Supplier',NULL,NULL,NULL,1,0,'{\"order_column\":\"name\",\"order_display_column\":null}','2018-12-09 05:13:41','2018-12-11 00:43:52');

/*Table structure for table `menu_items` */

DROP TABLE IF EXISTS `menu_items`;

CREATE TABLE `menu_items` (
  `id` int(10) unsigned NOT NULL AUTO_INCREMENT,
  `menu_id` int(10) unsigned DEFAULT NULL,
  `title` varchar(255) COLLATE utf8mb4_unicode_ci NOT NULL,
  `url` varchar(255) COLLATE utf8mb4_unicode_ci NOT NULL,
  `target` varchar(255) COLLATE utf8mb4_unicode_ci NOT NULL DEFAULT '_self',
  `icon_class` varchar(255) COLLATE utf8mb4_unicode_ci DEFAULT NULL,
  `color` varchar(255) COLLATE utf8mb4_unicode_ci DEFAULT NULL,
  `parent_id` int(11) DEFAULT NULL,
  `order` int(11) NOT NULL,
  `created_at` timestamp NULL DEFAULT NULL,
  `updated_at` timestamp NULL DEFAULT NULL,
  `route` varchar(255) COLLATE utf8mb4_unicode_ci DEFAULT NULL,
  `parameters` text COLLATE utf8mb4_unicode_ci,
  PRIMARY KEY (`id`),
  KEY `menu_items_menu_id_foreign` (`menu_id`),
  CONSTRAINT `menu_items_menu_id_foreign` FOREIGN KEY (`menu_id`) REFERENCES `menus` (`id`) ON DELETE CASCADE
) ENGINE=InnoDB AUTO_INCREMENT=22 DEFAULT CHARSET=utf8mb4 COLLATE=utf8mb4_unicode_ci;

/*Data for the table `menu_items` */

insert  into `menu_items`(`id`,`menu_id`,`title`,`url`,`target`,`icon_class`,`color`,`parent_id`,`order`,`created_at`,`updated_at`,`route`,`parameters`) values (1,1,'Dashboard','','_self','voyager-boat',NULL,NULL,1,'2018-12-08 13:58:09','2018-12-08 13:58:09','voyager.dashboard',NULL),(2,1,'Media','','_self','voyager-images',NULL,NULL,6,'2018-12-08 13:58:09','2018-12-09 05:14:24','voyager.media.index',NULL),(3,1,'Users','','_self','voyager-person',NULL,NULL,3,'2018-12-08 13:58:09','2018-12-08 13:58:09','voyager.users.index',NULL),(4,1,'Roles','','_self','voyager-lock',NULL,NULL,2,'2018-12-08 13:58:09','2018-12-08 13:58:09','voyager.roles.index',NULL),(5,1,'Tools','','_self','voyager-tools',NULL,NULL,10,'2018-12-08 13:58:09','2018-12-09 05:14:24',NULL,NULL),(6,1,'Menu Builder','','_self','voyager-list',NULL,5,1,'2018-12-08 13:58:09','2018-12-09 04:53:15','voyager.menus.index',NULL),(7,1,'Database','','_self','voyager-data',NULL,5,2,'2018-12-08 13:58:09','2018-12-09 04:53:15','voyager.database.index',NULL),(8,1,'Compass','','_self','voyager-compass',NULL,5,3,'2018-12-08 13:58:09','2018-12-09 04:53:15','voyager.compass.index',NULL),(9,1,'BREAD','','_self','voyager-bread',NULL,5,4,'2018-12-08 13:58:09','2018-12-09 04:53:15','voyager.bread.index',NULL),(10,1,'Settings','','_self','voyager-settings',NULL,NULL,11,'2018-12-08 13:58:09','2018-12-09 05:14:24','voyager.settings.index',NULL),(11,1,'Categories','','_self','voyager-categories',NULL,NULL,9,'2018-12-08 13:58:09','2018-12-09 05:14:24','voyager.categories.index',NULL),(12,1,'Posts','','_self','voyager-news',NULL,NULL,7,'2018-12-08 13:58:10','2018-12-09 05:14:24','voyager.posts.index',NULL),(13,1,'Pages','','_self','voyager-file-text',NULL,NULL,8,'2018-12-08 13:58:10','2018-12-09 05:14:24','voyager.pages.index',NULL),(14,1,'Hooks','','_self','voyager-hook',NULL,5,5,'2018-12-08 13:58:10','2018-12-09 04:53:15','voyager.hooks',NULL),(17,1,'Products','','_self','voyager-bag','#000000',NULL,4,'2018-12-09 05:06:15','2018-12-09 05:08:55','voyager.products.index','null'),(18,1,'Suppliers','','_self','voyager-truck',NULL,NULL,5,'2018-12-09 05:13:41','2018-12-09 05:14:24','voyager.suppliers.index',NULL),(19,2,'Dashboard','','_self','voyager-dashboard','#000000',NULL,12,'2018-12-09 05:18:02','2018-12-09 05:18:23','voyager.dashboard','null'),(20,2,'Products','','_self','voyager-bag','#000000',NULL,13,'2018-12-09 05:18:50','2018-12-09 05:18:50','voyager.products.index',NULL),(21,2,'Supplier','','_self','voyager-truck','#000000',NULL,14,'2018-12-09 05:19:25','2018-12-09 05:19:25','voyager.suppliers.index',NULL);

/*Table structure for table `menus` */

DROP TABLE IF EXISTS `menus`;

CREATE TABLE `menus` (
  `id` int(10) unsigned NOT NULL AUTO_INCREMENT,
  `name` varchar(255) COLLATE utf8mb4_unicode_ci NOT NULL,
  `created_at` timestamp NULL DEFAULT NULL,
  `updated_at` timestamp NULL DEFAULT NULL,
  PRIMARY KEY (`id`),
  UNIQUE KEY `menus_name_unique` (`name`)
) ENGINE=InnoDB AUTO_INCREMENT=3 DEFAULT CHARSET=utf8mb4 COLLATE=utf8mb4_unicode_ci;

/*Data for the table `menus` */

insert  into `menus`(`id`,`name`,`created_at`,`updated_at`) values (1,'admin','2018-12-08 13:58:09','2018-12-08 13:58:09'),(2,'owner','2018-12-09 05:16:23','2018-12-09 05:16:23');

/*Table structure for table `migrations` */

DROP TABLE IF EXISTS `migrations`;

CREATE TABLE `migrations` (
  `id` int(10) unsigned NOT NULL AUTO_INCREMENT,
  `migration` varchar(255) COLLATE utf8mb4_unicode_ci NOT NULL,
  `batch` int(11) NOT NULL,
  PRIMARY KEY (`id`)
) ENGINE=InnoDB AUTO_INCREMENT=29 DEFAULT CHARSET=utf8mb4 COLLATE=utf8mb4_unicode_ci;

/*Data for the table `migrations` */

insert  into `migrations`(`id`,`migration`,`batch`) values (1,'2014_10_12_000000_create_users_table',1),(2,'2014_10_12_100000_create_password_resets_table',1),(3,'2016_01_01_000000_add_voyager_user_fields',1),(4,'2016_01_01_000000_create_data_types_table',1),(5,'2016_05_19_173453_create_menu_table',1),(6,'2016_10_21_190000_create_roles_table',1),(7,'2016_10_21_190000_create_settings_table',1),(8,'2016_11_30_135954_create_permission_table',1),(9,'2016_11_30_141208_create_permission_role_table',1),(10,'2016_12_26_201236_data_types__add__server_side',1),(11,'2017_01_13_000000_add_route_to_menu_items_table',1),(12,'2017_01_14_005015_create_translations_table',1),(13,'2017_01_15_000000_make_table_name_nullable_in_permissions_table',1),(14,'2017_03_06_000000_add_controller_to_data_types_table',1),(15,'2017_04_21_000000_add_order_to_data_rows_table',1),(16,'2017_07_05_210000_add_policyname_to_data_types_table',1),(17,'2017_08_05_000000_add_group_to_settings_table',1),(18,'2017_11_26_013050_add_user_role_relationship',1),(19,'2017_11_26_015000_create_user_roles_table',1),(20,'2018_03_11_000000_add_user_settings',1),(21,'2018_03_14_000000_add_details_to_data_types_table',1),(22,'2018_03_16_000000_make_settings_value_nullable',1),(23,'2016_01_01_000000_create_pages_table',2),(24,'2016_01_01_000000_create_posts_table',2),(25,'2016_02_15_204651_create_categories_table',2),(26,'2017_04_11_000000_alter_post_nullable_fields_table',2),(27,'2018_10_24_075554_create_products_table',3),(28,'2018_10_24_204714_create_suppliers_table',4);

/*Table structure for table `pages` */

DROP TABLE IF EXISTS `pages`;

CREATE TABLE `pages` (
  `id` int(10) unsigned NOT NULL AUTO_INCREMENT,
  `author_id` int(11) NOT NULL,
  `title` varchar(255) COLLATE utf8mb4_unicode_ci NOT NULL,
  `excerpt` text COLLATE utf8mb4_unicode_ci,
  `body` text COLLATE utf8mb4_unicode_ci,
  `image` varchar(255) COLLATE utf8mb4_unicode_ci DEFAULT NULL,
  `slug` varchar(255) COLLATE utf8mb4_unicode_ci NOT NULL,
  `meta_description` text COLLATE utf8mb4_unicode_ci,
  `meta_keywords` text COLLATE utf8mb4_unicode_ci,
  `status` enum('ACTIVE','INACTIVE') COLLATE utf8mb4_unicode_ci NOT NULL DEFAULT 'INACTIVE',
  `created_at` timestamp NULL DEFAULT NULL,
  `updated_at` timestamp NULL DEFAULT NULL,
  PRIMARY KEY (`id`),
  UNIQUE KEY `pages_slug_unique` (`slug`)
) ENGINE=InnoDB AUTO_INCREMENT=2 DEFAULT CHARSET=utf8mb4 COLLATE=utf8mb4_unicode_ci;

/*Data for the table `pages` */

insert  into `pages`(`id`,`author_id`,`title`,`excerpt`,`body`,`image`,`slug`,`meta_description`,`meta_keywords`,`status`,`created_at`,`updated_at`) values (1,0,'Hello World','Hang the jib grog grog blossom grapple dance the hempen jig gangway pressgang bilge rat to go on account lugger. Nelsons folly gabion line draught scallywag fire ship gaff fluke fathom case shot. Sea Legs bilge rat sloop matey gabion long clothes run a shot across the bow Gold Road cog league.','<p>Hello World. Scallywag grog swab Cat o\'nine tails scuttle rigging hardtack cable nipper Yellow Jack. Handsomely spirits knave lad killick landlubber or just lubber deadlights chantey pinnace crack Jennys tea cup. Provost long clothes black spot Yellow Jack bilged on her anchor league lateen sail case shot lee tackle.</p>\n<p>Ballast spirits fluke topmast me quarterdeck schooner landlubber or just lubber gabion belaying pin. Pinnace stern galleon starboard warp carouser to go on account dance the hempen jig jolly boat measured fer yer chains. Man-of-war fire in the hole nipperkin handsomely doubloon barkadeer Brethren of the Coast gibbet driver squiffy.</p>','pages/page1.jpg','hello-world','Yar Meta Description','Keyword1, Keyword2','ACTIVE','2018-12-08 13:58:10','2018-12-08 13:58:10');

/*Table structure for table `password_resets` */

DROP TABLE IF EXISTS `password_resets`;

CREATE TABLE `password_resets` (
  `email` varchar(255) COLLATE utf8mb4_unicode_ci NOT NULL,
  `token` varchar(255) COLLATE utf8mb4_unicode_ci NOT NULL,
  `created_at` timestamp NULL DEFAULT NULL,
  KEY `password_resets_email_index` (`email`)
) ENGINE=InnoDB DEFAULT CHARSET=utf8mb4 COLLATE=utf8mb4_unicode_ci;

/*Data for the table `password_resets` */

/*Table structure for table `permission_role` */

DROP TABLE IF EXISTS `permission_role`;

CREATE TABLE `permission_role` (
  `permission_id` int(10) unsigned NOT NULL,
  `role_id` int(10) unsigned NOT NULL,
  PRIMARY KEY (`permission_id`,`role_id`),
  KEY `permission_role_permission_id_index` (`permission_id`),
  KEY `permission_role_role_id_index` (`role_id`),
  CONSTRAINT `permission_role_permission_id_foreign` FOREIGN KEY (`permission_id`) REFERENCES `permissions` (`id`) ON DELETE CASCADE,
  CONSTRAINT `permission_role_role_id_foreign` FOREIGN KEY (`role_id`) REFERENCES `roles` (`id`) ON DELETE CASCADE
) ENGINE=InnoDB DEFAULT CHARSET=utf8mb4 COLLATE=utf8mb4_unicode_ci;

/*Data for the table `permission_role` */

insert  into `permission_role`(`permission_id`,`role_id`) values (1,1),(1,2),(2,1),(3,1),(4,1),(5,1),(6,1),(7,1),(8,1),(9,1),(10,1),(11,1),(12,1),(13,1),(14,1),(15,1),(16,1),(17,1),(18,1),(19,1),(20,1),(21,1),(22,1),(23,1),(24,1),(25,1),(26,1),(27,1),(28,1),(29,1),(30,1),(31,1),(32,1),(33,1),(34,1),(35,1),(36,1),(37,1),(38,1),(39,1),(40,1),(47,1),(47,2),(48,1),(48,2),(49,1),(49,2),(50,1),(50,2),(51,1),(51,2),(52,1),(52,2),(53,1),(53,2),(54,1),(54,2),(55,1),(55,2),(56,1),(56,2);

/*Table structure for table `permissions` */

DROP TABLE IF EXISTS `permissions`;

CREATE TABLE `permissions` (
  `id` int(10) unsigned NOT NULL AUTO_INCREMENT,
  `key` varchar(255) COLLATE utf8mb4_unicode_ci NOT NULL,
  `table_name` varchar(255) COLLATE utf8mb4_unicode_ci DEFAULT NULL,
  `created_at` timestamp NULL DEFAULT NULL,
  `updated_at` timestamp NULL DEFAULT NULL,
  PRIMARY KEY (`id`),
  KEY `permissions_key_index` (`key`)
) ENGINE=InnoDB AUTO_INCREMENT=57 DEFAULT CHARSET=utf8mb4 COLLATE=utf8mb4_unicode_ci;

/*Data for the table `permissions` */

insert  into `permissions`(`id`,`key`,`table_name`,`created_at`,`updated_at`) values (1,'browse_admin',NULL,'2018-12-08 13:58:09','2018-12-08 13:58:09'),(2,'browse_bread',NULL,'2018-12-08 13:58:09','2018-12-08 13:58:09'),(3,'browse_database',NULL,'2018-12-08 13:58:09','2018-12-08 13:58:09'),(4,'browse_media',NULL,'2018-12-08 13:58:09','2018-12-08 13:58:09'),(5,'browse_compass',NULL,'2018-12-08 13:58:09','2018-12-08 13:58:09'),(6,'browse_menus','menus','2018-12-08 13:58:09','2018-12-08 13:58:09'),(7,'read_menus','menus','2018-12-08 13:58:09','2018-12-08 13:58:09'),(8,'edit_menus','menus','2018-12-08 13:58:09','2018-12-08 13:58:09'),(9,'add_menus','menus','2018-12-08 13:58:09','2018-12-08 13:58:09'),(10,'delete_menus','menus','2018-12-08 13:58:09','2018-12-08 13:58:09'),(11,'browse_roles','roles','2018-12-08 13:58:09','2018-12-08 13:58:09'),(12,'read_roles','roles','2018-12-08 13:58:09','2018-12-08 13:58:09'),(13,'edit_roles','roles','2018-12-08 13:58:09','2018-12-08 13:58:09'),(14,'add_roles','roles','2018-12-08 13:58:09','2018-12-08 13:58:09'),(15,'delete_roles','roles','2018-12-08 13:58:09','2018-12-08 13:58:09'),(16,'browse_users','users','2018-12-08 13:58:09','2018-12-08 13:58:09'),(17,'read_users','users','2018-12-08 13:58:09','2018-12-08 13:58:09'),(18,'edit_users','users','2018-12-08 13:58:09','2018-12-08 13:58:09'),(19,'add_users','users','2018-12-08 13:58:09','2018-12-08 13:58:09'),(20,'delete_users','users','2018-12-08 13:58:09','2018-12-08 13:58:09'),(21,'browse_settings','settings','2018-12-08 13:58:09','2018-12-08 13:58:09'),(22,'read_settings','settings','2018-12-08 13:58:09','2018-12-08 13:58:09'),(23,'edit_settings','settings','2018-12-08 13:58:09','2018-12-08 13:58:09'),(24,'add_settings','settings','2018-12-08 13:58:09','2018-12-08 13:58:09'),(25,'delete_settings','settings','2018-12-08 13:58:09','2018-12-08 13:58:09'),(26,'browse_categories','categories','2018-12-08 13:58:09','2018-12-08 13:58:09'),(27,'read_categories','categories','2018-12-08 13:58:09','2018-12-08 13:58:09'),(28,'edit_categories','categories','2018-12-08 13:58:09','2018-12-08 13:58:09'),(29,'add_categories','categories','2018-12-08 13:58:09','2018-12-08 13:58:09'),(30,'delete_categories','categories','2018-12-08 13:58:09','2018-12-08 13:58:09'),(31,'browse_posts','posts','2018-12-08 13:58:10','2018-12-08 13:58:10'),(32,'read_posts','posts','2018-12-08 13:58:10','2018-12-08 13:58:10'),(33,'edit_posts','posts','2018-12-08 13:58:10','2018-12-08 13:58:10'),(34,'add_posts','posts','2018-12-08 13:58:10','2018-12-08 13:58:10'),(35,'delete_posts','posts','2018-12-08 13:58:10','2018-12-08 13:58:10'),(36,'browse_pages','pages','2018-12-08 13:58:10','2018-12-08 13:58:10'),(37,'read_pages','pages','2018-12-08 13:58:10','2018-12-08 13:58:10'),(38,'edit_pages','pages','2018-12-08 13:58:10','2018-12-08 13:58:10'),(39,'add_pages','pages','2018-12-08 13:58:10','2018-12-08 13:58:10'),(40,'delete_pages','pages','2018-12-08 13:58:10','2018-12-08 13:58:10'),(41,'browse_hooks',NULL,'2018-12-08 13:58:10','2018-12-08 13:58:10'),(47,'browse_products','products','2018-12-09 05:08:18','2018-12-09 05:08:18'),(48,'read_products','products','2018-12-09 05:08:18','2018-12-09 05:08:18'),(49,'edit_products','products','2018-12-09 05:08:18','2018-12-09 05:08:18'),(50,'add_products','products','2018-12-09 05:08:18','2018-12-09 05:08:18'),(51,'delete_products','products','2018-12-09 05:08:18','2018-12-09 05:08:18'),(52,'browse_suppliers','suppliers','2018-12-09 05:13:41','2018-12-09 05:13:41'),(53,'read_suppliers','suppliers','2018-12-09 05:13:41','2018-12-09 05:13:41'),(54,'edit_suppliers','suppliers','2018-12-09 05:13:41','2018-12-09 05:13:41'),(55,'add_suppliers','suppliers','2018-12-09 05:13:41','2018-12-09 05:13:41'),(56,'delete_suppliers','suppliers','2018-12-09 05:13:41','2018-12-09 05:13:41');

/*Table structure for table `posts` */

DROP TABLE IF EXISTS `posts`;

CREATE TABLE `posts` (
  `id` int(10) unsigned NOT NULL AUTO_INCREMENT,
  `author_id` int(11) NOT NULL,
  `category_id` int(11) DEFAULT NULL,
  `title` varchar(255) COLLATE utf8mb4_unicode_ci NOT NULL,
  `seo_title` varchar(255) COLLATE utf8mb4_unicode_ci DEFAULT NULL,
  `excerpt` text COLLATE utf8mb4_unicode_ci,
  `body` text COLLATE utf8mb4_unicode_ci NOT NULL,
  `image` varchar(255) COLLATE utf8mb4_unicode_ci DEFAULT NULL,
  `slug` varchar(255) COLLATE utf8mb4_unicode_ci NOT NULL,
  `meta_description` text COLLATE utf8mb4_unicode_ci,
  `meta_keywords` text COLLATE utf8mb4_unicode_ci,
  `status` enum('PUBLISHED','DRAFT','PENDING') COLLATE utf8mb4_unicode_ci NOT NULL DEFAULT 'DRAFT',
  `featured` tinyint(1) NOT NULL DEFAULT '0',
  `created_at` timestamp NULL DEFAULT NULL,
  `updated_at` timestamp NULL DEFAULT NULL,
  PRIMARY KEY (`id`),
  UNIQUE KEY `posts_slug_unique` (`slug`)
) ENGINE=InnoDB AUTO_INCREMENT=5 DEFAULT CHARSET=utf8mb4 COLLATE=utf8mb4_unicode_ci;

/*Data for the table `posts` */

insert  into `posts`(`id`,`author_id`,`category_id`,`title`,`seo_title`,`excerpt`,`body`,`image`,`slug`,`meta_description`,`meta_keywords`,`status`,`featured`,`created_at`,`updated_at`) values (1,0,NULL,'Lorem Ipsum Post',NULL,'This is the excerpt for the Lorem Ipsum Post','<p>This is the body of the lorem ipsum post</p>','posts/post1.jpg','lorem-ipsum-post','This is the meta description','keyword1, keyword2, keyword3','PUBLISHED',0,'2018-12-08 13:58:10','2018-12-08 13:58:10'),(2,0,NULL,'My Sample Post',NULL,'This is the excerpt for the sample Post','<p>This is the body for the sample post, which includes the body.</p>\n                <h2>We can use all kinds of format!</h2>\n                <p>And include a bunch of other stuff.</p>','posts/post2.jpg','my-sample-post','Meta Description for sample post','keyword1, keyword2, keyword3','PUBLISHED',0,'2018-12-08 13:58:10','2018-12-08 13:58:10'),(3,0,NULL,'Latest Post',NULL,'This is the excerpt for the latest post','<p>This is the body for the latest post</p>','posts/post3.jpg','latest-post','This is the meta description','keyword1, keyword2, keyword3','PUBLISHED',0,'2018-12-08 13:58:10','2018-12-08 13:58:10'),(4,0,NULL,'Yarr Post',NULL,'Reef sails nipperkin bring a spring upon her cable coffer jury mast spike marooned Pieces of Eight poop deck pillage. Clipper driver coxswain galleon hempen halter come about pressgang gangplank boatswain swing the lead. Nipperkin yard skysail swab lanyard Blimey bilge water ho quarter Buccaneer.','<p>Swab deadlights Buccaneer fire ship square-rigged dance the hempen jig weigh anchor cackle fruit grog furl. Crack Jennys tea cup chase guns pressgang hearties spirits hogshead Gold Road six pounders fathom measured fer yer chains. Main sheet provost come about trysail barkadeer crimp scuttle mizzenmast brig plunder.</p>\n<p>Mizzen league keelhaul galleon tender cog chase Barbary Coast doubloon crack Jennys tea cup. Blow the man down lugsail fire ship pinnace cackle fruit line warp Admiral of the Black strike colors doubloon. Tackle Jack Ketch come about crimp rum draft scuppers run a shot across the bow haul wind maroon.</p>\n<p>Interloper heave down list driver pressgang holystone scuppers tackle scallywag bilged on her anchor. Jack Tar interloper draught grapple mizzenmast hulk knave cable transom hogshead. Gaff pillage to go on account grog aft chase guns piracy yardarm knave clap of thunder.</p>','posts/post4.jpg','yarr-post','this be a meta descript','keyword1, keyword2, keyword3','PUBLISHED',0,'2018-12-08 13:58:10','2018-12-08 13:58:10');

/*Table structure for table `products` */

DROP TABLE IF EXISTS `products`;

CREATE TABLE `products` (
  `id` int(10) unsigned NOT NULL AUTO_INCREMENT,
  `user_id` int(10) unsigned NOT NULL,
  `supplier_id` int(10) unsigned NOT NULL,
  `code` varchar(100) COLLATE utf8mb4_unicode_ci DEFAULT NULL,
  `supplier_code` varchar(100) COLLATE utf8mb4_unicode_ci DEFAULT NULL,
  `stock` int(11) NOT NULL DEFAULT '0',
  `number_of_purchases` int(11) NOT NULL DEFAULT '0',
  `number_of_sales` int(11) NOT NULL DEFAULT '0',
  `purchase_price` decimal(10,2) NOT NULL DEFAULT '0.00',
  `selling_price` decimal(10,2) NOT NULL DEFAULT '0.00',
  `profit` decimal(10,2) NOT NULL DEFAULT '0.00',
  `product_url` varchar(256) COLLATE utf8mb4_unicode_ci DEFAULT NULL,
  `supplier_url` varchar(256) COLLATE utf8mb4_unicode_ci DEFAULT NULL,
  `note` varchar(100) COLLATE utf8mb4_unicode_ci DEFAULT NULL,
  `created_at` timestamp NULL DEFAULT NULL,
  `updated_at` timestamp NULL DEFAULT NULL,
  `deleted_at` timestamp NULL DEFAULT NULL,
  PRIMARY KEY (`id`)
) ENGINE=InnoDB AUTO_INCREMENT=384 DEFAULT CHARSET=utf8mb4 COLLATE=utf8mb4_unicode_ci;

/*Data for the table `products` */

insert  into `products`(`id`,`user_id`,`supplier_id`,`code`,`supplier_code`,`stock`,`number_of_purchases`,`number_of_sales`,`purchase_price`,`selling_price`,`profit`,`product_url`,`supplier_url`,`note`,`created_at`,`updated_at`,`deleted_at`) values (1,2,18,'HS Bunny Shirt 49','BL9049',1,1,0,41000.00,52000.00,0.00,NULL,'https://www.missonlineshop.com/bl9049.html',NULL,'2018-10-27 21:59:44','2018-10-27 21:59:44',NULL),(2,2,18,'HS Baby Piyama 66','PJ166',1,1,0,52000.00,63000.00,0.00,NULL,'https://www.missonlineshop.com/pj166.html',NULL,'2018-10-27 21:59:44','2018-10-27 21:59:44',NULL),(3,2,18,'HS Gisella Jumpsuit 63','JS763',0,0,0,0.00,106000.00,0.00,NULL,'https://www.missonlineshop.com/index.php?p=product/product&product_id=3938',NULL,'2018-10-27 21:59:44','2018-10-27 21:59:44',NULL),(4,2,18,'HS Yuna Blouse 30','BL9030',0,0,0,0.00,85000.00,0.00,NULL,'https://www.missonlineshop.com/index.php?p=product/product&product_id=4282',NULL,'2018-10-27 21:59:44','2018-10-27 21:59:44',NULL),(5,2,18,'HS Poplin Blouse 86','BL8986',0,0,0,0.00,83000.00,0.00,NULL,'https://www.missonlineshop.com/bl8986.html',NULL,'2018-10-27 21:59:44','2018-10-27 21:59:44',NULL),(6,2,18,'HS Cicio Brukat Pants 21','C1221',0,0,0,0.00,72000.00,0.00,NULL,'https://www.missonlineshop.com/c1221.html',NULL,'2018-10-27 21:59:44','2018-10-27 21:59:44',NULL),(7,2,18,'HS Qiqie Piyama 48','PJ148',0,0,0,0.00,72000.00,0.00,NULL,'https://www.missonlineshop.com/index.php?p=product/product&product_id=3705',NULL,'2018-10-27 21:59:44','2018-10-27 21:59:44',NULL),(8,2,18,'HS Pittya Blouse 91','BL8891',0,0,0,0.00,80000.00,0.00,NULL,'https://www.missonlineshop.com/index.php?p=product/product&product_id=3826',NULL,'2018-10-27 21:59:44','2018-10-27 21:59:44',NULL),(9,2,18,'HS Wiyine Blouse 29','BL9029',0,0,0,0.00,79000.00,0.00,NULL,'https://www.missonlineshop.com/index.php?p=product/product&product_id=4279',NULL,'2018-10-27 21:59:44','2018-10-27 21:59:44',NULL),(10,2,18,'HS Broocat Dress 03','D2303',1,2,1,87000.00,98000.00,11000.00,NULL,'https://www.missonlineshop.com/d2303.html','transfer','2018-10-27 21:59:44','2018-10-27 21:59:44',NULL),(11,2,18,'HS Luxy Jeans 87','C1287',0,0,0,0.00,108000.00,0.00,NULL,'https://www.missonlineshop.com/index.php?p=product/product&product_id=4287',NULL,'2018-10-27 21:59:44','2018-10-27 21:59:44',NULL),(12,2,18,'HS Lula Blouse 42','BL8942',0,0,0,0.00,70000.00,0.00,NULL,'https://www.missonlineshop.com/index.php?p=product/product&product_id=3993',NULL,'2018-10-27 21:59:44','2018-10-27 21:59:44',NULL),(13,2,18,'HS Dixie Blouse 95','JS795',0,0,0,0.00,97000.00,0.00,NULL,'https://www.missonlineshop.com/index.php?p=product/product&product_id=4296',NULL,'2018-10-27 21:59:44','2018-10-27 21:59:44',NULL),(14,2,18,'HS Evona Blouse 20','BL8820',0,0,0,0.00,77000.00,0.00,NULL,'https://www.missonlineshop.com/index.php?p=product/product&product_id=3621',NULL,'2018-10-27 21:59:44','2018-10-27 21:59:44',NULL),(15,2,18,'HS Salur Blouse 36','BL9036',0,0,0,0.00,53000.00,0.00,NULL,'https://www.missonlineshop.com/index.php?p=product/product&product_id=4291',NULL,'2018-10-27 21:59:44','2018-10-27 21:59:44',NULL),(16,2,18,'HS Linger Cup 90','AC190',0,0,0,0.00,61000.00,0.00,NULL,'https://www.missonlineshop.com/index.php?p=product/product&product_id=4304',NULL,'2018-10-27 21:59:44','2018-10-27 21:59:44',NULL),(17,2,18,'HS Wiwine Blouse 33','BL9033',0,0,0,0.00,79000.00,0.00,NULL,'https://www.missonlineshop.com/index.php?p=product/product&product_id=4281',NULL,'2018-10-27 21:59:44','2018-10-27 21:59:44',NULL),(18,2,18,'HS Vivo Skirt 76','R776',0,0,0,0.00,93000.00,0.00,NULL,'https://www.missonlineshop.com/index.php?p=product/product&product_id=4288',NULL,'2018-10-27 21:59:44','2018-10-27 21:59:44',NULL),(19,2,18,'HS Sylly Blouse 35','BL9035',0,0,0,0.00,53000.00,0.00,NULL,'https://www.missonlineshop.com/index.php?p=product/product&product_id=4290',NULL,'2018-10-27 21:59:44','2018-10-27 21:59:44',NULL),(20,2,18,'HS Zaza Dress 01','d2301',0,0,0,0.00,100000.00,0.00,NULL,'https://www.missonlineshop.com/index.php?p=product/product&product_id=4256',NULL,'2018-10-27 21:59:44','2018-10-27 21:59:44',NULL),(21,2,18,'HS Devi Outset 77','set677',0,0,0,0.00,110000.00,0.00,NULL,'https://www.missonlineshop.com/index.php?p=product/product&product_id=4258',NULL,'2018-10-27 21:59:44','2018-10-27 21:59:44',NULL),(22,2,18,'HS Child Kids Motif C','kid03',0,0,0,0.00,56000.00,0.00,NULL,'https://www.missonlineshop.com/kid03.html',NULL,'2018-10-27 21:59:44','2018-10-27 21:59:44',NULL),(23,2,18,'HS Child Kids Motif D','kid03',0,0,0,0.00,56000.00,0.00,NULL,'https://www.missonlineshop.com/kid03.html',NULL,'2018-10-27 21:59:44','2018-10-27 21:59:44',NULL),(24,2,18,'HS Child Kids Motif A','kid03',0,0,0,0.00,56000.00,0.00,NULL,'https://www.missonlineshop.com/kid03.html',NULL,'2018-10-27 21:59:44','2018-10-27 21:59:44',NULL),(25,2,18,'HS Zoey Blouse 65','bl8965',0,0,0,0.00,85000.00,0.00,NULL,'https://www.missonlineshop.com/index.php?p=product/product&product_id=4054',NULL,'2018-10-27 21:59:44','2018-10-27 21:59:44',NULL),(26,2,18,'HS Jissy Blouse 95','bl8795',0,0,0,0.00,86000.00,0.00,NULL,'https://www.missonlineshop.com/bl8795.html',NULL,'2018-10-27 21:59:44','2018-10-27 21:59:44',NULL),(27,2,18,'HS Xixi Blouse 03','bl9003',0,0,0,0.00,74000.00,0.00,NULL,'https://www.missonlineshop.com/index.php?p=product/product&product_id=4192',NULL,'2018-10-27 21:59:44','2018-10-27 21:59:44',NULL),(28,2,18,'HS Tamara Blouse 02','bl9002',0,0,0,0.00,76000.00,0.00,NULL,'https://www.missonlineshop.com/bl9002.html',NULL,'2018-10-27 21:59:44','2018-10-27 21:59:44',NULL),(29,2,18,'HS Erica Outer 39','b1239',0,0,0,0.00,78000.00,0.00,NULL,'https://www.missonlineshop.com/index.php?p=product/product&product_id=4261',NULL,'2018-10-27 21:59:44','2018-10-27 21:59:44',NULL),(30,2,18,'HS Sasha Blouse 26','bl9026',1,1,0,66000.00,77000.00,0.00,NULL,'https://www.missonlineshop.com/index.php?p=product/product&product_id=4254',NULL,'2018-10-27 21:59:44','2018-10-27 21:59:44',NULL),(31,2,18,'HS Chacha Jeans 70','r770',0,0,0,0.00,98000.00,0.00,NULL,'https://www.missonlineshop.com/r770.html',NULL,'2018-10-27 21:59:44','2018-10-27 21:59:44',NULL),(32,2,18,'HS Winno Blouse 16','BL9016',0,0,0,0.00,76000.00,0.00,NULL,'https://www.missonlineshop.com/index.php?p=product/product&product_id=4232',NULL,'2018-10-27 21:59:44','2018-10-27 21:59:44',NULL),(33,2,18,'HS Erry Skirt 68','r768',0,0,0,0.00,89000.00,0.00,NULL,'https://www.missonlineshop.com/index.php?p=product/product&product_id=4065',NULL,'2018-10-27 21:59:44','2018-10-27 21:59:44',NULL),(34,2,18,'HS Tulle Skirt 65','r765',0,0,0,0.00,110000.00,0.00,NULL,'https://www.missonlineshop.com/index.php?p=product/product&product_id=3878',NULL,'2018-10-27 21:59:44','2018-10-27 21:59:44',NULL),(35,2,18,'HS Willy Pants 07','c1207',0,0,0,0.00,88000.00,0.00,NULL,'https://www.missonlineshop.com/index.php?p=product/product&product_id=3452',NULL,'2018-10-27 21:59:44','2018-10-27 21:59:44',NULL),(36,2,18,'HS Xaxa Jumpsuit 68','js768',3,4,1,83000.00,95000.00,12000.00,NULL,'https://www.missonlineshop.com/index.php?p=product/product&product_id=3994','transfer','2018-10-27 21:59:44','2018-10-27 21:59:44',NULL),(37,2,18,'HS Devoni Skirt 73','r773',0,0,0,0.00,83000.00,0.00,NULL,'https://www.missonlineshop.com/index.php?p=product/product&product_id=4233',NULL,'2018-10-27 21:59:44','2018-10-27 21:59:44',NULL),(38,2,18,'HS Dwey Jumpsuit 71','js471',0,0,0,0.00,100000.00,0.00,NULL,'https://www.missonlineshop.com/index.php?p=product/product&product_id=794',NULL,'2018-10-27 21:59:44','2018-10-27 21:59:44',NULL),(39,2,18,'HS Cathy Dress 00','d2300',0,0,0,0.00,86000.00,0.00,NULL,'https://www.missonlineshop.com/index.php?p=product/product&product_id=4244',NULL,'2018-10-27 21:59:44','2018-10-27 21:59:44',NULL),(40,2,18,'HS Nindy Dress 88','d2288',0,1,1,89000.00,99000.00,10000.00,NULL,'https://www.missonlineshop.com/index.php?p=product/product&product_id=4184','transfer','2018-10-27 21:59:44','2018-10-27 21:59:44',NULL),(41,2,18,'HS Ataya Jumpsuit 9B','js679b',0,0,0,0.00,98000.00,0.00,NULL,'https://www.missonlineshop.com/index.php?p=product/product&product_id=4229',NULL,'2018-10-27 21:59:44','2018-10-27 21:59:44',NULL),(42,2,18,'HS Kayla Skirt 72','r772',0,0,0,0.00,78000.00,0.00,NULL,'https://www.missonlineshop.com/index.php?p=product/product&product_id=4230',NULL,'2018-10-27 21:59:44','2018-10-27 21:59:44',NULL),(43,2,18,'HS Sidney Trouser Pants 59','c1259',0,0,0,0.00,70000.00,0.00,NULL,'https://www.missonlineshop.com/c1259.html',NULL,'2018-10-27 21:59:44','2018-10-27 21:59:44',NULL),(44,2,18,'HS Opera Trouser Pants 31','c1231',0,0,0,0.00,65000.00,0.00,NULL,'https://www.missonlineshop.com/c1231.html',NULL,'2018-10-27 21:59:44','2018-10-27 21:59:44',NULL),(45,2,18,'HS Gigs Trouser Pants 47','c1247',0,0,0,0.00,87000.00,0.00,NULL,'https://www.missonlineshop.com/index.php?p=product/product&product_id=3923',NULL,'2018-10-27 21:59:44','2018-10-27 21:59:44',NULL),(46,2,18,'HS Yaya Trouser Pants 01','c1201',1,1,0,66000.00,80000.00,0.00,NULL,'https://www.missonlineshop.com/index.php?p=product/product&product_id=4227',NULL,'2018-10-27 21:59:44','2018-10-27 21:59:44',NULL),(47,2,18,'HS Salur Dress 91','d2291',0,0,0,0.00,96000.00,0.00,NULL,'https://www.missonlineshop.com/d2291.html',NULL,'2018-10-27 21:59:44','2018-10-27 21:59:44',NULL),(48,2,18,'HS Bunny Shirt 49','BL9049',1,1,0,41000.00,52000.00,0.00,NULL,'https://www.missonlineshop.com/bl9049.html',NULL,'2018-10-27 22:02:27','2018-10-27 22:02:27',NULL),(49,2,18,'HS Baby Piyama 66','PJ166',1,1,0,52000.00,63000.00,0.00,NULL,'https://www.missonlineshop.com/pj166.html',NULL,'2018-10-27 22:02:27','2018-10-27 22:02:27',NULL),(50,2,18,'HS Gisella Jumpsuit 63','JS763',0,0,0,0.00,106000.00,0.00,NULL,'https://www.missonlineshop.com/index.php?p=product/product&product_id=3938',NULL,'2018-10-27 22:02:27','2018-10-27 22:02:27',NULL),(51,2,18,'HS Yuna Blouse 30','BL9030',0,0,0,0.00,85000.00,0.00,NULL,'https://www.missonlineshop.com/index.php?p=product/product&product_id=4282',NULL,'2018-10-27 22:02:27','2018-10-27 22:02:27',NULL),(52,2,18,'HS Poplin Blouse 86','BL8986',0,0,0,0.00,83000.00,0.00,NULL,'https://www.missonlineshop.com/bl8986.html',NULL,'2018-10-27 22:02:27','2018-10-27 22:02:27',NULL),(53,2,18,'HS Cicio Brukat Pants 21','C1221',0,0,0,0.00,72000.00,0.00,NULL,'https://www.missonlineshop.com/c1221.html',NULL,'2018-10-27 22:02:27','2018-10-27 22:02:27',NULL),(54,2,18,'HS Qiqie Piyama 48','PJ148',0,0,0,0.00,72000.00,0.00,NULL,'https://www.missonlineshop.com/index.php?p=product/product&product_id=3705',NULL,'2018-10-27 22:02:27','2018-10-27 22:02:27',NULL),(55,2,18,'HS Pittya Blouse 91','BL8891',0,0,0,0.00,80000.00,0.00,NULL,'https://www.missonlineshop.com/index.php?p=product/product&product_id=3826',NULL,'2018-10-27 22:02:27','2018-10-27 22:02:27',NULL),(56,2,18,'HS Wiyine Blouse 29','BL9029',0,0,0,0.00,79000.00,0.00,NULL,'https://www.missonlineshop.com/index.php?p=product/product&product_id=4279',NULL,'2018-10-27 22:02:27','2018-10-27 22:02:27',NULL),(57,2,18,'HS Broocat Dress 03','D2303',1,2,1,87000.00,98000.00,11000.00,NULL,'https://www.missonlineshop.com/d2303.html','transfer','2018-10-27 22:02:27','2018-10-27 22:02:27',NULL),(58,2,18,'HS Luxy Jeans 87','C1287',0,0,0,0.00,108000.00,0.00,NULL,'https://www.missonlineshop.com/index.php?p=product/product&product_id=4287',NULL,'2018-10-27 22:02:27','2018-10-27 22:02:27',NULL),(59,2,18,'HS Lula Blouse 42','BL8942',0,0,0,0.00,70000.00,0.00,NULL,'https://www.missonlineshop.com/index.php?p=product/product&product_id=3993',NULL,'2018-10-27 22:02:27','2018-10-27 22:02:27',NULL),(60,2,18,'HS Dixie Blouse 95','JS795',0,0,0,0.00,97000.00,0.00,NULL,'https://www.missonlineshop.com/index.php?p=product/product&product_id=4296',NULL,'2018-10-27 22:02:27','2018-10-27 22:02:27',NULL),(61,2,18,'HS Evona Blouse 20','BL8820',0,0,0,0.00,77000.00,0.00,NULL,'https://www.missonlineshop.com/index.php?p=product/product&product_id=3621',NULL,'2018-10-27 22:02:27','2018-10-27 22:02:27',NULL),(62,2,18,'HS Salur Blouse 36','BL9036',0,0,0,0.00,53000.00,0.00,NULL,'https://www.missonlineshop.com/index.php?p=product/product&product_id=4291',NULL,'2018-10-27 22:02:27','2018-10-27 22:02:27',NULL),(63,2,18,'HS Linger Cup 90','AC190',0,0,0,0.00,61000.00,0.00,NULL,'https://www.missonlineshop.com/index.php?p=product/product&product_id=4304',NULL,'2018-10-27 22:02:27','2018-10-27 22:02:27',NULL),(64,2,18,'HS Wiwine Blouse 33','BL9033',0,0,0,0.00,79000.00,0.00,NULL,'https://www.missonlineshop.com/index.php?p=product/product&product_id=4281',NULL,'2018-10-27 22:02:27','2018-10-27 22:02:27',NULL),(65,2,18,'HS Vivo Skirt 76','R776',0,0,0,0.00,93000.00,0.00,NULL,'https://www.missonlineshop.com/index.php?p=product/product&product_id=4288',NULL,'2018-10-27 22:02:27','2018-10-27 22:02:27',NULL),(66,2,18,'HS Sylly Blouse 35','BL9035',0,0,0,0.00,53000.00,0.00,NULL,'https://www.missonlineshop.com/index.php?p=product/product&product_id=4290',NULL,'2018-10-27 22:02:27','2018-10-27 22:02:27',NULL),(67,2,18,'HS Zaza Dress 01','d2301',0,0,0,0.00,100000.00,0.00,NULL,'https://www.missonlineshop.com/index.php?p=product/product&product_id=4256',NULL,'2018-10-27 22:02:27','2018-10-27 22:02:27',NULL),(68,2,18,'HS Devi Outset 77','set677',0,0,0,0.00,110000.00,0.00,NULL,'https://www.missonlineshop.com/index.php?p=product/product&product_id=4258',NULL,'2018-10-27 22:02:27','2018-10-27 22:02:27',NULL),(69,2,18,'HS Child Kids Motif C','kid03',0,0,0,0.00,56000.00,0.00,NULL,'https://www.missonlineshop.com/kid03.html',NULL,'2018-10-27 22:02:27','2018-10-27 22:02:27',NULL),(70,2,18,'HS Child Kids Motif D','kid03',0,0,0,0.00,56000.00,0.00,NULL,'https://www.missonlineshop.com/kid03.html',NULL,'2018-10-27 22:02:27','2018-10-27 22:02:27',NULL),(71,2,18,'HS Child Kids Motif A','kid03',0,0,0,0.00,56000.00,0.00,NULL,'https://www.missonlineshop.com/kid03.html',NULL,'2018-10-27 22:02:27','2018-10-27 22:02:27',NULL),(72,2,18,'HS Zoey Blouse 65','bl8965',0,0,0,0.00,85000.00,0.00,NULL,'https://www.missonlineshop.com/index.php?p=product/product&product_id=4054',NULL,'2018-10-27 22:02:27','2018-10-27 22:02:27',NULL),(73,2,18,'HS Jissy Blouse 95','bl8795',0,0,0,0.00,86000.00,0.00,NULL,'https://www.missonlineshop.com/bl8795.html',NULL,'2018-10-27 22:02:27','2018-10-27 22:02:27',NULL),(74,2,18,'HS Xixi Blouse 03','bl9003',0,0,0,0.00,74000.00,0.00,NULL,'https://www.missonlineshop.com/index.php?p=product/product&product_id=4192',NULL,'2018-10-27 22:02:27','2018-10-27 22:02:27',NULL),(75,2,18,'HS Tamara Blouse 02','bl9002',0,0,0,0.00,76000.00,0.00,NULL,'https://www.missonlineshop.com/bl9002.html',NULL,'2018-10-27 22:02:27','2018-10-27 22:02:27',NULL),(76,2,18,'HS Erica Outer 39','b1239',0,0,0,0.00,78000.00,0.00,NULL,'https://www.missonlineshop.com/index.php?p=product/product&product_id=4261',NULL,'2018-10-27 22:02:27','2018-10-27 22:02:27',NULL),(77,2,18,'HS Sasha Blouse 26','bl9026',1,1,0,66000.00,77000.00,0.00,NULL,'https://www.missonlineshop.com/index.php?p=product/product&product_id=4254',NULL,'2018-10-27 22:02:27','2018-10-27 22:02:27',NULL),(78,2,18,'HS Chacha Jeans 70','r770',0,0,0,0.00,98000.00,0.00,NULL,'https://www.missonlineshop.com/r770.html',NULL,'2018-10-27 22:02:27','2018-10-27 22:02:27',NULL),(79,2,18,'HS Winno Blouse 16','BL9016',0,0,0,0.00,76000.00,0.00,NULL,'https://www.missonlineshop.com/index.php?p=product/product&product_id=4232',NULL,'2018-10-27 22:02:27','2018-10-27 22:02:27',NULL),(80,2,18,'HS Erry Skirt 68','r768',0,0,0,0.00,89000.00,0.00,NULL,'https://www.missonlineshop.com/index.php?p=product/product&product_id=4065',NULL,'2018-10-27 22:02:27','2018-10-27 22:02:27',NULL),(81,2,18,'HS Tulle Skirt 65','r765',0,0,0,0.00,110000.00,0.00,NULL,'https://www.missonlineshop.com/index.php?p=product/product&product_id=3878',NULL,'2018-10-27 22:02:27','2018-10-27 22:02:27',NULL),(82,2,18,'HS Willy Pants 07','c1207',0,0,0,0.00,88000.00,0.00,NULL,'https://www.missonlineshop.com/index.php?p=product/product&product_id=3452',NULL,'2018-10-27 22:02:27','2018-10-27 22:02:27',NULL),(83,2,18,'HS Xaxa Jumpsuit 68','js768',3,4,1,83000.00,95000.00,12000.00,NULL,'https://www.missonlineshop.com/index.php?p=product/product&product_id=3994','transfer','2018-10-27 22:02:27','2018-10-27 22:02:27',NULL),(84,2,18,'HS Devoni Skirt 73','r773',0,0,0,0.00,83000.00,0.00,NULL,'https://www.missonlineshop.com/index.php?p=product/product&product_id=4233',NULL,'2018-10-27 22:02:27','2018-10-27 22:02:27',NULL),(85,2,18,'HS Dwey Jumpsuit 71','js471',0,0,0,0.00,100000.00,0.00,NULL,'https://www.missonlineshop.com/index.php?p=product/product&product_id=794',NULL,'2018-10-27 22:02:27','2018-10-27 22:02:27',NULL),(86,2,18,'HS Cathy Dress 00','d2300',0,0,0,0.00,86000.00,0.00,NULL,'https://www.missonlineshop.com/index.php?p=product/product&product_id=4244',NULL,'2018-10-27 22:02:27','2018-10-27 22:02:27',NULL),(87,2,18,'HS Nindy Dress 88','d2288',0,1,1,89000.00,99000.00,10000.00,NULL,'https://www.missonlineshop.com/index.php?p=product/product&product_id=4184','transfer','2018-10-27 22:02:27','2018-10-27 22:02:27',NULL),(88,2,18,'HS Ataya Jumpsuit 9B','js679b',0,0,0,0.00,98000.00,0.00,NULL,'https://www.missonlineshop.com/index.php?p=product/product&product_id=4229',NULL,'2018-10-27 22:02:27','2018-10-27 22:02:27',NULL),(89,2,18,'HS Kayla Skirt 72','r772',0,0,0,0.00,78000.00,0.00,NULL,'https://www.missonlineshop.com/index.php?p=product/product&product_id=4230',NULL,'2018-10-27 22:02:27','2018-10-27 22:02:27',NULL),(90,2,18,'HS Sidney Trouser Pants 59','c1259',0,0,0,0.00,70000.00,0.00,NULL,'https://www.missonlineshop.com/c1259.html',NULL,'2018-10-27 22:02:27','2018-10-27 22:02:27',NULL),(91,2,18,'HS Opera Trouser Pants 31','c1231',0,0,0,0.00,65000.00,0.00,NULL,'https://www.missonlineshop.com/c1231.html',NULL,'2018-10-27 22:02:27','2018-10-27 22:02:27',NULL),(92,2,18,'HS Gigs Trouser Pants 47','c1247',0,0,0,0.00,87000.00,0.00,NULL,'https://www.missonlineshop.com/index.php?p=product/product&product_id=3923',NULL,'2018-10-27 22:02:27','2018-10-27 22:02:27',NULL),(93,2,18,'HS Yaya Trouser Pants 01','c1201',1,1,0,66000.00,80000.00,0.00,NULL,'https://www.missonlineshop.com/index.php?p=product/product&product_id=4227',NULL,'2018-10-27 22:02:27','2018-10-27 22:02:27',NULL),(94,2,18,'HS Salur Dress 91','d2291',0,0,0,0.00,96000.00,0.00,NULL,'https://www.missonlineshop.com/d2291.html',NULL,'2018-10-27 22:02:27','2018-10-27 22:02:27',NULL),(95,2,18,'HS Bunny Shirt 49','BL9049',1,1,0,41000.00,52000.00,0.00,NULL,'https://www.missonlineshop.com/bl9049.html',NULL,'2018-10-27 22:04:30','2018-10-27 22:04:30',NULL),(96,2,18,'HS Baby Piyama 66','PJ166',1,1,0,52000.00,63000.00,0.00,NULL,'https://www.missonlineshop.com/pj166.html',NULL,'2018-10-27 22:04:30','2018-10-27 22:04:30',NULL),(97,2,18,'HS Gisella Jumpsuit 63','JS763',0,0,0,0.00,106000.00,0.00,NULL,'https://www.missonlineshop.com/index.php?p=product/product&product_id=3938',NULL,'2018-10-27 22:04:30','2018-10-27 22:04:30',NULL),(98,2,18,'HS Yuna Blouse 30','BL9030',0,0,0,0.00,85000.00,0.00,NULL,'https://www.missonlineshop.com/index.php?p=product/product&product_id=4282',NULL,'2018-10-27 22:04:30','2018-10-27 22:04:30',NULL),(99,2,18,'HS Poplin Blouse 86','BL8986',0,0,0,0.00,83000.00,0.00,NULL,'https://www.missonlineshop.com/bl8986.html',NULL,'2018-10-27 22:04:30','2018-10-27 22:04:30',NULL),(100,2,18,'HS Cicio Brukat Pants 21','C1221',0,0,0,0.00,72000.00,0.00,NULL,'https://www.missonlineshop.com/c1221.html',NULL,'2018-10-27 22:04:30','2018-10-27 22:04:30',NULL),(101,2,18,'HS Qiqie Piyama 48','PJ148',0,0,0,0.00,72000.00,0.00,NULL,'https://www.missonlineshop.com/index.php?p=product/product&product_id=3705',NULL,'2018-10-27 22:04:30','2018-10-27 22:04:30',NULL),(102,2,18,'HS Pittya Blouse 91','BL8891',0,0,0,0.00,80000.00,0.00,NULL,'https://www.missonlineshop.com/index.php?p=product/product&product_id=3826',NULL,'2018-10-27 22:04:30','2018-10-27 22:04:30',NULL),(103,2,18,'HS Wiyine Blouse 29','BL9029',0,0,0,0.00,79000.00,0.00,NULL,'https://www.missonlineshop.com/index.php?p=product/product&product_id=4279',NULL,'2018-10-27 22:04:30','2018-10-27 22:04:30',NULL),(104,2,18,'HS Broocat Dress 03','D2303',1,2,1,87000.00,98000.00,11000.00,NULL,'https://www.missonlineshop.com/d2303.html','transfer','2018-10-27 22:04:30','2018-10-27 22:04:30',NULL),(105,2,18,'HS Luxy Jeans 87','C1287',0,0,0,0.00,108000.00,0.00,NULL,'https://www.missonlineshop.com/index.php?p=product/product&product_id=4287',NULL,'2018-10-27 22:04:30','2018-10-27 22:04:30',NULL),(106,2,18,'HS Lula Blouse 42','BL8942',0,0,0,0.00,70000.00,0.00,NULL,'https://www.missonlineshop.com/index.php?p=product/product&product_id=3993',NULL,'2018-10-27 22:04:30','2018-10-27 22:04:30',NULL),(107,2,18,'HS Dixie Blouse 95','JS795',0,0,0,0.00,97000.00,0.00,NULL,'https://www.missonlineshop.com/index.php?p=product/product&product_id=4296',NULL,'2018-10-27 22:04:30','2018-10-27 22:04:30',NULL),(108,2,18,'HS Evona Blouse 20','BL8820',0,0,0,0.00,77000.00,0.00,NULL,'https://www.missonlineshop.com/index.php?p=product/product&product_id=3621',NULL,'2018-10-27 22:04:30','2018-10-27 22:04:30',NULL),(109,2,18,'HS Salur Blouse 36','BL9036',0,0,0,0.00,53000.00,0.00,NULL,'https://www.missonlineshop.com/index.php?p=product/product&product_id=4291',NULL,'2018-10-27 22:04:30','2018-10-27 22:04:30',NULL),(110,2,18,'HS Linger Cup 90','AC190',0,0,0,0.00,61000.00,0.00,NULL,'https://www.missonlineshop.com/index.php?p=product/product&product_id=4304',NULL,'2018-10-27 22:04:30','2018-10-27 22:04:30',NULL),(111,2,18,'HS Wiwine Blouse 33','BL9033',0,0,0,0.00,79000.00,0.00,NULL,'https://www.missonlineshop.com/index.php?p=product/product&product_id=4281',NULL,'2018-10-27 22:04:30','2018-10-27 22:04:30',NULL),(112,2,18,'HS Vivo Skirt 76','R776',0,0,0,0.00,93000.00,0.00,NULL,'https://www.missonlineshop.com/index.php?p=product/product&product_id=4288',NULL,'2018-10-27 22:04:30','2018-10-27 22:04:30',NULL),(113,2,18,'HS Sylly Blouse 35','BL9035',0,0,0,0.00,53000.00,0.00,NULL,'https://www.missonlineshop.com/index.php?p=product/product&product_id=4290',NULL,'2018-10-27 22:04:30','2018-10-27 22:04:30',NULL),(114,2,18,'HS Zaza Dress 01','d2301',0,0,0,0.00,100000.00,0.00,NULL,'https://www.missonlineshop.com/index.php?p=product/product&product_id=4256',NULL,'2018-10-27 22:04:30','2018-10-27 22:04:30',NULL),(115,2,18,'HS Devi Outset 77','set677',0,0,0,0.00,110000.00,0.00,NULL,'https://www.missonlineshop.com/index.php?p=product/product&product_id=4258',NULL,'2018-10-27 22:04:30','2018-10-27 22:04:30',NULL),(116,2,18,'HS Child Kids Motif C','kid03',0,0,0,0.00,56000.00,0.00,NULL,'https://www.missonlineshop.com/kid03.html',NULL,'2018-10-27 22:04:30','2018-10-27 22:04:30',NULL),(117,2,18,'HS Child Kids Motif D','kid03',0,0,0,0.00,56000.00,0.00,NULL,'https://www.missonlineshop.com/kid03.html',NULL,'2018-10-27 22:04:30','2018-10-27 22:04:30',NULL),(118,2,18,'HS Child Kids Motif A','kid03',0,0,0,0.00,56000.00,0.00,NULL,'https://www.missonlineshop.com/kid03.html',NULL,'2018-10-27 22:04:30','2018-10-27 22:04:30',NULL),(119,2,18,'HS Zoey Blouse 65','bl8965',0,0,0,0.00,85000.00,0.00,NULL,'https://www.missonlineshop.com/index.php?p=product/product&product_id=4054',NULL,'2018-10-27 22:04:30','2018-10-27 22:04:30',NULL),(120,2,18,'HS Jissy Blouse 95','bl8795',0,0,0,0.00,86000.00,0.00,NULL,'https://www.missonlineshop.com/bl8795.html',NULL,'2018-10-27 22:04:30','2018-10-27 22:04:30',NULL),(121,2,18,'HS Xixi Blouse 03','bl9003',0,0,0,0.00,74000.00,0.00,NULL,'https://www.missonlineshop.com/index.php?p=product/product&product_id=4192',NULL,'2018-10-27 22:04:30','2018-10-27 22:04:30',NULL),(122,2,18,'HS Tamara Blouse 02','bl9002',0,0,0,0.00,76000.00,0.00,NULL,'https://www.missonlineshop.com/bl9002.html',NULL,'2018-10-27 22:04:30','2018-10-27 22:04:30',NULL),(123,2,18,'HS Erica Outer 39','b1239',0,0,0,0.00,78000.00,0.00,NULL,'https://www.missonlineshop.com/index.php?p=product/product&product_id=4261',NULL,'2018-10-27 22:04:30','2018-10-27 22:04:30',NULL),(124,2,18,'HS Sasha Blouse 26','bl9026',1,1,0,66000.00,77000.00,0.00,NULL,'https://www.missonlineshop.com/index.php?p=product/product&product_id=4254',NULL,'2018-10-27 22:04:30','2018-10-27 22:04:30',NULL),(125,2,18,'HS Chacha Jeans 70','r770',0,0,0,0.00,98000.00,0.00,NULL,'https://www.missonlineshop.com/r770.html',NULL,'2018-10-27 22:04:30','2018-10-27 22:04:30',NULL),(126,2,18,'HS Winno Blouse 16','BL9016',0,0,0,0.00,76000.00,0.00,NULL,'https://www.missonlineshop.com/index.php?p=product/product&product_id=4232',NULL,'2018-10-27 22:04:30','2018-10-27 22:04:30',NULL),(127,2,18,'HS Erry Skirt 68','r768',0,0,0,0.00,89000.00,0.00,NULL,'https://www.missonlineshop.com/index.php?p=product/product&product_id=4065',NULL,'2018-10-27 22:04:30','2018-10-27 22:04:30',NULL),(128,2,18,'HS Tulle Skirt 65','r765',0,0,0,0.00,110000.00,0.00,NULL,'https://www.missonlineshop.com/index.php?p=product/product&product_id=3878',NULL,'2018-10-27 22:04:30','2018-10-27 22:04:30',NULL),(129,2,18,'HS Willy Pants 07','c1207',0,0,0,0.00,88000.00,0.00,NULL,'https://www.missonlineshop.com/index.php?p=product/product&product_id=3452',NULL,'2018-10-27 22:04:30','2018-10-27 22:04:30',NULL),(130,2,18,'HS Xaxa Jumpsuit 68','js768',3,4,1,83000.00,95000.00,12000.00,NULL,'https://www.missonlineshop.com/index.php?p=product/product&product_id=3994','transfer','2018-10-27 22:04:30','2018-10-27 22:04:30',NULL),(131,2,18,'HS Devoni Skirt 73','r773',0,0,0,0.00,83000.00,0.00,NULL,'https://www.missonlineshop.com/index.php?p=product/product&product_id=4233',NULL,'2018-10-27 22:04:30','2018-10-27 22:04:30',NULL),(132,2,18,'HS Dwey Jumpsuit 71','js471',0,0,0,0.00,100000.00,0.00,NULL,'https://www.missonlineshop.com/index.php?p=product/product&product_id=794',NULL,'2018-10-27 22:04:30','2018-10-27 22:04:30',NULL),(133,2,18,'HS Cathy Dress 00','d2300',0,0,0,0.00,86000.00,0.00,NULL,'https://www.missonlineshop.com/index.php?p=product/product&product_id=4244',NULL,'2018-10-27 22:04:30','2018-10-27 22:04:30',NULL),(134,2,18,'HS Nindy Dress 88','d2288',0,1,1,89000.00,99000.00,10000.00,NULL,'https://www.missonlineshop.com/index.php?p=product/product&product_id=4184','transfer','2018-10-27 22:04:30','2018-10-27 22:04:30',NULL),(135,2,18,'HS Ataya Jumpsuit 9B','js679b',0,0,0,0.00,98000.00,0.00,NULL,'https://www.missonlineshop.com/index.php?p=product/product&product_id=4229',NULL,'2018-10-27 22:04:30','2018-10-27 22:04:30',NULL),(136,2,18,'HS Kayla Skirt 72','r772',0,0,0,0.00,78000.00,0.00,NULL,'https://www.missonlineshop.com/index.php?p=product/product&product_id=4230',NULL,'2018-10-27 22:04:30','2018-10-27 22:04:30',NULL),(137,2,18,'HS Sidney Trouser Pants 59','c1259',0,0,0,0.00,70000.00,0.00,NULL,'https://www.missonlineshop.com/c1259.html',NULL,'2018-10-27 22:04:30','2018-10-27 22:04:30',NULL),(138,2,18,'HS Opera Trouser Pants 31','c1231',0,0,0,0.00,65000.00,0.00,NULL,'https://www.missonlineshop.com/c1231.html',NULL,'2018-10-27 22:04:30','2018-10-27 22:04:30',NULL),(139,2,18,'HS Gigs Trouser Pants 47','c1247',0,0,0,0.00,87000.00,0.00,NULL,'https://www.missonlineshop.com/index.php?p=product/product&product_id=3923',NULL,'2018-10-27 22:04:30','2018-10-27 22:04:30',NULL),(140,2,18,'HS Yaya Trouser Pants 01','c1201',1,1,0,66000.00,80000.00,0.00,NULL,'https://www.missonlineshop.com/index.php?p=product/product&product_id=4227',NULL,'2018-10-27 22:04:30','2018-10-27 22:04:30',NULL),(141,2,18,'HS Salur Dress 91','d2291',0,0,0,0.00,96000.00,0.00,NULL,'https://www.missonlineshop.com/d2291.html',NULL,'2018-10-27 22:04:30','2018-10-27 22:04:30',NULL),(142,2,18,'HS Fafa Dress 65','d1965l',0,0,0,0.00,88000.00,0.00,NULL,'https://www.missonlineshop.com/d1965-l.html',NULL,'2018-10-27 22:04:30','2018-10-27 22:04:30',NULL),(143,2,18,'HS Divvo Dress 80','d2280',0,0,0,0.00,85000.00,0.00,NULL,'https://www.missonlineshop.com/index.php?p=product/product&product_id=4143',NULL,'2018-10-27 22:04:30','2018-10-27 22:04:30',NULL),(144,2,18,'HS Rissa Pants 48','c1248',0,1,1,69000.00,79000.00,10000.00,NULL,'https://www.missonlineshop.com/index.php?p=product/product&product_id=3948','transfer','2018-10-27 22:04:30','2018-10-27 22:04:30',NULL),(145,2,18,'HS Fify Blouse 45','bl8945',0,0,0,0.00,85000.00,0.00,NULL,'https://www.missonlineshop.com/bl8945.html',NULL,'2018-10-27 22:04:30','2018-10-27 22:04:30',NULL),(146,2,18,'HS BLancy Blouse 69','d2270',0,0,0,0.00,80000.00,0.00,NULL,'https://www.missonlineshop.com/d2270.html',NULL,'2018-10-27 22:04:30','2018-10-27 22:04:30',NULL),(147,2,18,'HS Couple Shirt','couple mom n kid',0,0,0,0.00,98000.00,0.00,NULL,'https://www.missonlineshop.com/couple-mom-n-kid.html',NULL,'2018-10-27 22:04:30','2018-10-27 22:04:30',NULL),(148,2,18,'HS Pipy Piyama 61','pj161',1,1,0,49000.00,59000.00,0.00,NULL,'https://www.missonlineshop.com/index.php?p=product/product&product_id=4121',NULL,'2018-10-27 22:04:30','2018-10-27 22:04:30',NULL),(149,2,18,'HS Devaya Outset 72','set672',0,0,0,0.00,95000.00,0.00,NULL,'https://www.missonlineshop.com/index.php?p=product/product&product_id=4202',NULL,'2018-10-27 22:04:30','2018-10-27 22:04:30',NULL),(150,2,18,'HS Vava Blouse 10','bl9010',0,0,0,0.00,77000.00,0.00,NULL,'https://www.missonlineshop.com/index.php?p=product/product&product_id=4215',NULL,'2018-10-27 22:04:30','2018-10-27 22:04:30',NULL),(151,2,18,'HS Nancy Dress 35','d2235',0,1,1,77000.00,88000.00,11000.00,NULL,'https://www.missonlineshop.com/d2235.html','transfer','2018-10-27 22:04:30','2018-10-27 22:04:30',NULL),(152,2,18,'HS Batic Dress 78','d2278',0,1,1,71000.00,85000.00,14000.00,NULL,'https://www.missonlineshop.com/d2278.html','transfer','2018-10-27 22:04:30','2018-10-27 22:04:30',NULL),(153,2,18,'HS Moschino Shirt 92','bl8992',0,0,0,0.00,40000.00,0.00,NULL,'https://www.missonlineshop.com/index.php?p=product/product&product_id=4137',NULL,'2018-10-27 22:04:30','2018-10-27 22:04:30',NULL),(154,2,18,'HS Rossy Blouse 93','bl8993',0,0,0,0.00,61000.00,0.00,NULL,'https://www.missonlineshop.com/index.php?p=product/product&product_id=4147',NULL,'2018-10-27 22:04:30','2018-10-27 22:04:30',NULL),(155,2,18,'HS Duccy Blouse 89','bl8989',0,0,0,0.00,73000.00,0.00,NULL,'https://www.missonlineshop.com/index.php?p=product/product&product_id=4126',NULL,'2018-10-27 22:04:30','2018-10-27 22:04:30',NULL),(156,2,18,'HS Claudi Blouse 78','bl8278',0,0,0,0.00,72000.00,0.00,NULL,'https://www.missonlineshop.com/bl8278.html',NULL,'2018-10-27 22:04:30','2018-10-27 22:04:30',NULL),(157,2,18,'HS Ligy Legging 35','lg135',0,0,0,0.00,56000.00,0.00,NULL,'https://www.missonlineshop.com/index.php?p=product/product&product_id=2330',NULL,'2018-10-27 22:04:30','2018-10-27 22:04:30',NULL),(158,2,18,'HS Anty Blouse 96','bl8996',0,0,0,0.00,79000.00,0.00,NULL,'https://www.missonlineshop.com/index.php?p=product/product&product_id=4152',NULL,'2018-10-27 22:04:30','2018-10-27 22:04:30',NULL),(159,2,18,'HS Jenny Outer 70','b1570',0,0,0,0.00,86000.00,0.00,NULL,'https://www.missonlineshop.com/index.php?p=product/product&product_id=3151',NULL,'2018-10-27 22:04:30','2018-10-27 22:04:30',NULL),(160,2,18,'HS Devina Blouse 49','bl8849',0,0,0,0.00,58000.00,0.00,NULL,'https://www.missonlineshop.com/bl8849.html',NULL,'2018-10-27 22:04:30','2018-10-27 22:04:30',NULL),(161,2,18,'HS Michele Blouse 80','bl8980',0,0,0,0.00,86000.00,0.00,NULL,'https://www.missonlineshop.com/index.php?p=product/product&product_id=4103',NULL,'2018-10-27 22:04:30','2018-10-27 22:04:30',NULL),(162,2,18,'HS Diva Blouse 97','bl8997',0,0,0,0.00,77000.00,0.00,NULL,'https://www.missonlineshop.com/index.php?p=product/product&product_id=4153',NULL,'2018-10-27 22:04:30','2018-10-27 22:04:30',NULL),(163,2,18,'HS Monic Blouse 68','bl8768',1,1,0,59000.00,70000.00,0.00,NULL,'https://www.missonlineshop.com/bl8768.html',NULL,'2018-10-27 22:04:30','2018-10-27 22:04:30',NULL),(164,2,18,'HS Outset Suit 50','d2250',1,1,0,99000.00,111000.00,0.00,NULL,'https://www.missonlineshop.com/index.php?p=product/product&product_id=3946',NULL,'2018-10-27 22:04:30','2018-10-27 22:04:30',NULL),(165,2,18,'HS Pinky Piyama 62','pj162',0,1,1,56000.00,68000.00,0.00,NULL,'https://www.missonlineshop.com/index.php?p=product/product&product_id=4122',NULL,'2018-10-27 22:04:30','2018-10-27 22:04:30',NULL),(166,2,18,'HS Outset Vigny 57','set657',2,2,0,97000.00,107000.00,0.00,NULL,'https://www.missonlineshop.com/index.php?p=product/product&product_id=3575',NULL,'2018-10-27 22:04:30','2018-10-27 22:04:30',NULL),(167,2,18,'HS Cottonik Piyama 46','pj146',0,0,0,0.00,78000.00,0.00,NULL,'https://www.missonlineshop.com/index.php?p=product/product&product_id=3451',NULL,'2018-10-27 22:04:30','2018-10-27 22:04:30',NULL),(168,2,18,'HS Hello Kitty Piyama 56','pj156',1,1,0,76000.00,86000.00,0.00,NULL,'https://www.missonlineshop.com/index.php?p=product/product&product_id=3982',NULL,'2018-10-27 22:04:30','2018-10-27 22:04:30',NULL),(169,2,18,'HS Amaryl Blouse 23','bl8823',0,0,0,0.00,75000.00,0.00,NULL,'https://www.missonlineshop.com/index.php?p=product/product&product_id=3647',NULL,'2018-10-27 22:04:30','2018-10-27 22:04:30',NULL),(170,2,18,'HS Bruty Dress 28','d2228',1,1,0,87000.00,95000.00,0.00,NULL,'https://www.missonlineshop.com/index.php?p=product/product&product_id=3664',NULL,'2018-10-27 22:04:30','2018-10-27 22:04:30',NULL),(171,2,18,'HS Ponds Magic Powder','ponds magic powder',0,0,0,0.00,35000.00,0.00,NULL,'https://www.missonlineshop.com/ponds-magic-powder.html',NULL,'2018-10-27 22:04:30','2018-10-27 22:04:30',NULL),(172,2,18,'HS Orysa Blouse 02','bl8402',1,1,0,57000.00,70000.00,0.00,NULL,'https://www.missonlineshop.com/index.php?p=product/product&product_id=2450',NULL,'2018-10-27 22:04:30','2018-10-27 22:04:30',NULL),(173,2,18,'HS Sabby Rajut 87','bl8787',0,0,0,0.00,75000.00,0.00,NULL,'https://www.missonlineshop.com/index.php?p=product/product&product_id=3780',NULL,'2018-10-27 22:04:30','2018-10-27 22:04:30',NULL),(174,2,18,'HS Sabby Rajut 52','bl8752',0,0,0,0.00,85000.00,0.00,NULL,'https://www.missonlineshop.com/index.php?p=product/product&product_id=3454',NULL,'2018-10-27 22:04:30','2018-10-27 22:04:30',NULL),(175,2,18,'HS Ribbon Blouse 07','bl8807',0,0,0,0.00,79000.00,0.00,NULL,'https://www.missonlineshop.com/sale-bl8807.html',NULL,'2018-10-27 22:04:30','2018-10-27 22:04:30',NULL),(176,2,18,'HS Sylvia Blouse 71','bl8771',0,1,1,67000.00,77000.00,10000.00,NULL,'https://www.missonlineshop.com/index.php?p=product/product&product_id=3514','transfer','2018-10-27 22:04:30','2018-10-27 22:04:30',NULL),(177,2,18,'HS Seely Trouser Pants 70','c1170',0,0,0,0.00,65000.00,0.00,NULL,'https://www.missonlineshop.com/index.php?p=product/product&product_id=3045',NULL,'2018-10-27 22:04:30','2018-10-27 22:04:30',NULL),(178,2,18,'HS Sisson Short Pants 19','c1219',0,0,0,0.00,65000.00,0.00,NULL,'https://www.missonlineshop.com/sale-c1219.html',NULL,'2018-10-27 22:04:30','2018-10-27 22:04:30',NULL),(179,2,18,'HS Skinny Trouser Pants 67','c1167',3,3,0,72000.00,85000.00,0.00,NULL,'https://www.missonlineshop.com/index.php?p=product/product&product_id=2994',NULL,'2018-10-27 22:04:30','2018-10-27 22:04:30',NULL),(180,2,18,'HS Elegant Dress 91','d1491',0,0,0,0.00,95000.00,0.00,NULL,'https://www.missonlineshop.com/d1491.html',NULL,'2018-10-27 22:04:30','2018-10-27 22:04:30',NULL),(181,2,18,'HS Elite Dress 18','d2018',0,0,0,0.00,90000.00,0.00,NULL,'https://www.missonlineshop.com/sale-d2018.html',NULL,'2018-10-27 22:04:30','2018-10-27 22:04:30',NULL),(182,2,18,'HS Scubby Dress 96','d2096',0,0,0,0.00,79000.00,0.00,NULL,'https://www.missonlineshop.com/index.php?p=product/product&product_id=2305',NULL,'2018-10-27 22:04:30','2018-10-27 22:04:30',NULL),(183,2,18,'HS Waffle Dress 81','d2181',0,0,0,0.00,105000.00,0.00,NULL,'https://www.missonlineshop.com/index.php?p=product/product&product_id=3065',NULL,'2018-10-27 22:04:30','2018-10-27 22:04:30',NULL),(184,2,18,'HS Scubby Dress 95','d2095',0,0,0,0.00,75000.00,0.00,NULL,'https://www.missonlineshop.com/index.php?p=product/product&product_id=2307',NULL,'2018-10-27 22:04:30','2018-10-27 22:04:30',NULL),(185,2,18,'HS Momogi Dress 98','d2198',0,0,0,0.00,93000.00,0.00,NULL,'https://www.missonlineshop.com/index.php?p=product/product&product_id=3282',NULL,'2018-10-27 22:04:30','2018-10-27 22:04:30',NULL),(186,2,18,'HS Balloteli Blouse 92','bl8792',0,0,0,0.00,78000.00,0.00,NULL,'https://www.missonlineshop.com/sale-bl8792.html',NULL,'2018-10-27 22:04:30','2018-10-27 22:04:30',NULL),(187,2,18,'HS BLoomy Blouse 61',NULL,0,0,0,0.00,78000.00,0.00,NULL,NULL,NULL,'2018-10-27 22:04:30','2018-10-27 22:04:30',NULL),(188,2,18,'HS Vinny Blouse 61',NULL,0,0,0,0.00,75000.00,0.00,NULL,NULL,NULL,'2018-10-27 22:04:30','2018-10-27 22:04:30',NULL),(189,2,18,'HS BLady Blouse 65','bl7965',0,0,0,0.00,79000.00,0.00,NULL,'https://www.missonlineshop.com/sale-bl7965.html',NULL,'2018-10-27 22:04:30','2018-10-27 22:04:30',NULL),(190,2,18,'HS Dress V 93','d2093',0,0,0,0.00,81000.00,0.00,NULL,'https://www.missonlineshop.com/index.php?p=product/product&product_id=2078',NULL,'2018-10-27 22:04:30','2018-10-27 22:04:30',NULL),(191,2,18,'HS BLupy Dress 00','bl8600',0,0,0,0.00,83000.00,0.00,NULL,'https://www.missonlineshop.com/index.php?p=product/product&product_id=3056',NULL,'2018-10-27 22:04:30','2018-10-27 22:04:30',NULL),(192,2,18,'HS Twist Bolero 26','b1526',0,0,0,0.00,69000.00,0.00,NULL,'https://www.missonlineshop.com/index.php?p=product/product&product_id=2452',NULL,'2018-10-27 22:04:30','2018-10-27 22:04:30',NULL),(193,2,18,'HS Dress Daphine 65','d1965l',0,0,0,0.00,85000.00,0.00,NULL,'https://www.missonlineshop.com/d1965-l.html',NULL,'2018-10-27 22:04:30','2018-10-27 22:04:30',NULL),(194,2,18,'HS Jessy Jumpsuit 78','js678',1,1,0,81000.00,95000.00,0.00,NULL,'https://www.missonlineshop.com/index.php?p=product/product&product_id=2491',NULL,'2018-10-27 22:04:30','2018-10-27 22:04:30',NULL),(195,2,18,'HS Jessy Jumpsuit 18','js718',3,3,0,79000.00,85000.00,0.00,NULL,'https://www.missonlineshop.com/index.php?p=product/product&product_id=3385',NULL,'2018-10-27 22:04:30','2018-10-27 22:04:30',NULL),(196,2,18,'HS Jessy Jumpsuit 89',NULL,0,0,0,0.00,85000.00,0.00,NULL,NULL,NULL,'2018-10-27 22:04:30','2018-10-27 22:04:30',NULL),(197,2,18,'HS BLacy Blouse 70','bl8770',0,0,0,0.00,55000.00,0.00,NULL,'https://www.missonlineshop.com/bl8770.html',NULL,'2018-10-27 22:04:30','2018-10-27 22:04:30',NULL),(198,2,18,'HS BLimy Blouse 55','bl8655',1,1,0,65000.00,75000.00,0.00,NULL,'https://www.missonlineshop.com/index.php?p=product/product&product_id=3230',NULL,'2018-10-27 22:04:30','2018-10-27 22:04:30',NULL),(199,2,18,'HS BLimy Blouse 80',NULL,0,0,0,0.00,75000.00,0.00,NULL,NULL,NULL,'2018-10-27 22:04:30','2018-10-27 22:04:30',NULL),(200,2,18,'HS BLimy Blouse 86','bl8086',0,0,0,0.00,70000.00,0.00,NULL,'https://www.missonlineshop.com/index.php?p=product/product&product_id=1511',NULL,'2018-10-27 22:04:30','2018-10-27 22:04:30',NULL),(201,2,18,'HS Dress V 82','d2182',0,0,0,0.00,85000.00,0.00,NULL,'https://www.missonlineshop.com/index.php?p=product/product&product_id=3099',NULL,'2018-10-27 22:04:30','2018-10-27 22:04:30',NULL),(202,2,18,'HS Dress V 41','d2141',1,1,0,79000.00,85000.00,0.00,NULL,NULL,NULL,'2018-10-27 22:04:30','2018-10-27 22:04:30',NULL),(203,2,18,'HS Hoodie Dress 85','d2185',0,0,0,0.00,92000.00,0.00,NULL,'https://www.missonlineshop.com/index.php?p=product/product&product_id=3105',NULL,'2018-10-27 22:04:30','2018-10-27 22:04:30',NULL),(204,2,18,'HS Dress Linen 58',NULL,0,0,0,0.00,80000.00,0.00,NULL,NULL,NULL,'2018-10-27 22:04:30','2018-10-27 22:04:30',NULL),(205,2,18,'HS Dress Stripes 89','d1589',2,2,0,75000.00,75000.00,0.00,NULL,'https://www.missonlineshop.com/index.php?p=product/product&product_id=1064',NULL,'2018-10-27 22:04:30','2018-10-27 22:04:30',NULL),(206,2,18,'HS Dafina Blouse 61','BL9061',0,0,0,0.00,82000.00,0.00,NULL,'https://www.missonlineshop.com/index.php?p=product/product&product_id=4368',NULL,'2018-10-27 22:04:30','2018-10-27 22:04:30',NULL),(207,2,18,'HS Silk Batic 71','BL8071',0,0,0,0.00,85000.00,0.00,NULL,'https://www.missonlineshop.com/sale-bl8071.html',NULL,'2018-10-27 22:04:30','2018-10-27 22:04:30',NULL),(208,2,18,'HS Red Blouse 11','BL8011',0,0,0,0.00,80000.00,0.00,NULL,'https://www.missonlineshop.com/sale-bl8011.html',NULL,'2018-10-27 22:04:30','2018-10-27 22:04:30',NULL),(209,2,18,'HS Rumya Skirt 63','R763',0,0,0,0.00,88000.00,0.00,NULL,'https://www.missonlineshop.com/index.php?p=product/product&product_id=3843',NULL,'2018-10-27 22:04:30','2018-10-27 22:04:30',NULL),(210,2,18,'HS Lilac Dress 13','D2313',0,0,0,0.00,105000.00,0.00,NULL,'https://www.missonlineshop.com/index.php?p=product/product&product_id=4378',NULL,'2018-10-27 22:04:30','2018-10-27 22:04:30',NULL),(211,2,18,'HS Obya Blouse 66','Bl9066',0,0,0,0.00,76000.00,0.00,NULL,'https://www.missonlineshop.com/index.php?p=product/product&product_id=4381',NULL,'2018-10-27 22:04:30','2018-10-27 22:04:30',NULL),(212,2,18,'HS Cicilia Blouse 69','Bl9069',0,0,0,0.00,77000.00,0.00,NULL,'https://www.missonlineshop.com/index.php?p=product/product&product_id=4388',NULL,'2018-10-27 22:04:30','2018-10-27 22:04:30',NULL),(213,2,18,'HS Suri Blouse 70','Bl9070',0,0,0,0.00,74000.00,0.00,NULL,'https://www.missonlineshop.com/bl9070.html',NULL,'2018-10-27 22:04:30','2018-10-27 22:04:30',NULL),(214,2,18,'HS Doraemon Shirt 62','Bl9062',0,0,0,0.00,45000.00,0.00,NULL,'https://www.missonlineshop.com/bl9062.html',NULL,'2018-10-27 22:04:30','2018-10-27 22:04:30',NULL),(215,2,18,'HS Zena Blouse 60','Bl9060',0,0,0,0.00,80000.00,0.00,NULL,'https://www.missonlineshop.com/index.php?p=product/product&product_id=4361',NULL,'2018-10-27 22:04:30','2018-10-27 22:04:30',NULL),(216,2,18,'HS Vivan Blouse 08','D2308',0,0,0,0.00,80000.00,0.00,NULL,'https://www.missonlineshop.com/d2308.html',NULL,'2018-10-27 22:04:30','2018-10-27 22:04:30',NULL),(217,2,18,'HS Nala Set 78','Set678',0,0,0,0.00,115000.00,0.00,NULL,'https://www.missonlineshop.com/index.php?p=product/product&product_id=4293',NULL,'2018-10-27 22:04:30','2018-10-27 22:04:30',NULL),(218,2,18,'HS Yemima Blouse 31','BL9031',0,0,0,0.00,85000.00,0.00,NULL,'https://www.missonlineshop.com/index.php?p=product/product&product_id=4269',NULL,'2018-10-27 22:04:30','2018-10-27 22:04:30',NULL),(219,2,18,'HS Mini Skirt 73','R773',0,0,0,0.00,77000.00,0.00,NULL,'https://www.missonlineshop.com/index.php?p=product/product&product_id=4421',NULL,'2018-10-27 22:04:30','2018-10-27 22:04:30',NULL),(220,2,18,'HS Opy Jumpsuit  99','js799',0,0,0,0.00,118000.00,0.00,NULL,'https://www.missonlineshop.com/index.php?p=product/product&product_id=4366',NULL,'2018-10-27 22:04:30','2018-10-27 22:04:30',NULL),(221,2,18,'HS Suzy Outer 36','B1636',0,0,0,0.00,78000.00,0.00,NULL,'https://www.missonlineshop.com/index.php?p=product/product&product_id=4263',NULL,'2018-10-27 22:04:30','2018-10-27 22:04:30',NULL),(222,2,18,'HS Adidas Jumpsuit 02','js802',0,0,0,0.00,87000.00,0.00,NULL,'https://www.missonlineshop.com/index.php?p=product/product&product_id=4404',NULL,'2018-10-27 22:04:30','2018-10-27 22:04:30',NULL),(223,2,18,'HS Stripes Divi 80','bl9080',0,0,0,0.00,80000.00,0.00,NULL,'https://www.missonlineshop.com/index.php?p=product/product&product_id=4422',NULL,'2018-10-27 22:04:30','2018-10-27 22:04:30',NULL),(224,2,18,'HS Calista Jumpsuit 06','js806',0,0,0,0.00,88000.00,0.00,NULL,'https://www.missonlineshop.com/index.php?p=product/product&product_id=4418',NULL,'2018-10-27 22:04:30','2018-10-27 22:04:30',NULL),(225,2,18,'HS Isyana Blouse 81','bl9081',0,0,0,0.00,135000.00,0.00,NULL,'https://www.missonlineshop.com/bl9081.html',NULL,'2018-10-27 22:04:30','2018-10-27 22:04:30',NULL),(226,2,18,'HS Widiya Blouse 58','Bl8858',0,0,0,0.00,82000.00,0.00,NULL,'https://www.missonlineshop.com/index.php?p=product/product&product_id=3730',NULL,'2018-10-27 22:04:30','2018-10-27 22:04:30',NULL),(227,2,18,'HS Manny Blouse 62','BL8762',0,0,0,0.00,70000.00,0.00,NULL,'https://www.missonlineshop.com/bl8762.html',NULL,'2018-10-27 22:04:30','2018-10-27 22:04:30',NULL),(228,2,18,'HS Kyle Jumpsuit 09','js809',0,0,0,0.00,110000.00,0.00,NULL,'https://www.missonlineshop.com/index.php?p=product/product&product_id=4434',NULL,'2018-10-27 22:04:30','2018-10-27 22:04:30',NULL),(229,2,18,'HS Sisca Dress 22','d2322',0,0,0,0.00,120000.00,0.00,NULL,'https://www.missonlineshop.com/d2322.html',NULL,'2018-10-27 22:04:30','2018-10-27 22:04:30',NULL),(230,2,18,'HS Edita Dress 21','d2321',0,0,0,0.00,93000.00,0.00,NULL,'https://www.missonlineshop.com/index.php?p=product/product&product_id=4431',NULL,'2018-10-27 22:04:30','2018-10-27 22:04:30',NULL),(231,2,18,'HS Gita Dress 19','d2319',0,0,0,0.00,95000.00,0.00,NULL,'https://www.missonlineshop.com/index.php?p=product/product&product_id=4420',NULL,'2018-10-27 22:04:30','2018-10-27 22:04:30',NULL),(232,2,18,'HS Sushy Blouse 45','bl8845',0,0,0,0.00,82000.00,0.00,NULL,'https://www.missonlineshop.com/bl8845.html',NULL,'2018-10-27 22:04:30','2018-10-27 22:04:30',NULL),(233,2,18,'HS Luxy Outer 48','b1648',0,0,0,0.00,95000.00,0.00,NULL,'https://www.missonlineshop.com/index.php?p=product/product&product_id=4426',NULL,'2018-10-27 22:04:30','2018-10-27 22:04:30',NULL),(234,2,18,'HS Lala Blouse 72','bl9072',0,0,0,0.00,90000.00,0.00,NULL,'https://www.missonlineshop.com/bl9072.html',NULL,'2018-10-27 22:04:30','2018-10-27 22:04:30',NULL),(235,2,18,'HS Reina Dress 86','d2286',0,0,0,0.00,88000.00,0.00,NULL,'https://www.missonlineshop.com/index.php?p=product/product&product_id=4164',NULL,'2018-10-27 22:04:30','2018-10-27 22:04:30',NULL),(236,2,18,'HS Ryuji Blouse 83','bl9083',0,0,0,0.00,85000.00,0.00,NULL,'https://www.missonlineshop.com/index.php?p=product/product&product_id=4439',NULL,'2018-10-27 22:04:30','2018-10-27 22:04:30',NULL),(237,2,18,'HS Ryry Blouse 85','bl9085',0,0,0,0.00,77000.00,0.00,NULL,'https://www.missonlineshop.com/index.php?p=product/product&product_id=4442',NULL,'2018-10-27 22:04:30','2018-10-27 22:04:30',NULL),(238,2,18,'HS Clara Set 15','Set615',0,0,0,0.00,118000.00,0.00,NULL,'https://www.missonlineshop.com/set615-setelan.html',NULL,'2018-10-27 22:04:30','2018-10-27 22:04:30',NULL),(239,2,18,'HS Mickey Shirt 90','Bl9090',0,0,0,0.00,45000.00,0.00,NULL,'https://www.missonlineshop.com/bl9090.html',NULL,'2018-10-27 22:04:30','2018-10-27 22:04:30',NULL),(240,2,18,'HS Jeva Set 60','Set660',0,0,0,0.00,99000.00,0.00,NULL,'https://www.missonlineshop.com/index.php?p=product/product&product_id=3585',NULL,'2018-10-27 22:04:30','2018-10-27 22:04:30',NULL),(241,2,18,'HS Jevy Set 65','Set665',0,0,0,0.00,125000.00,0.00,NULL,'https://www.missonlineshop.com/index.php?p=product/product&product_id=3847',NULL,'2018-10-27 22:04:30','2018-10-27 22:04:30',NULL),(242,2,18,'HS Gradi Blouse 86','bl9086',0,0,0,0.00,70000.00,0.00,NULL,'https://www.missonlineshop.com/bl9086.html',NULL,'2018-10-27 22:04:30','2018-10-27 22:04:30',NULL),(243,2,18,'HS Noni Jumpsuit 11','Js811',0,0,0,0.00,100000.00,0.00,NULL,'https://www.missonlineshop.com/index.php?p=product/product&product_id=4444',NULL,'2018-10-27 22:04:30','2018-10-27 22:04:30',NULL),(244,2,18,'HS Dora Pants 00','C1300',0,0,0,0.00,62000.00,0.00,NULL,'https://www.missonlineshop.com/c1300.html',NULL,'2018-10-27 22:04:30','2018-10-27 22:04:30',NULL),(245,2,18,'HS Crepe Jumpsuit 08','Js808',0,0,0,0.00,111000.00,0.00,NULL,'https://www.missonlineshop.com/index.php?p=product/product&product_id=4430',NULL,'2018-10-27 22:04:30','2018-10-27 22:04:30',NULL),(246,2,18,'HS Tisya Pants 93','C1293',0,0,0,0.00,85000.00,0.00,NULL,'https://www.missonlineshop.com/index.php?p=product/product&product_id=4384',NULL,'2018-10-27 22:04:30','2018-10-27 22:04:30',NULL),(247,2,18,'HS Poppy Pants 57','C1257',0,0,0,0.00,77000.00,0.00,NULL,'https://www.missonlineshop.com/c1257.html',NULL,'2018-10-27 22:04:30','2018-10-27 22:04:30',NULL),(248,2,18,'HS Gaga Jumpsuit 98','Js798',0,0,0,0.00,95000.00,0.00,NULL,'https://www.missonlineshop.com/index.php?p=product/product&product_id=4343',NULL,'2018-10-27 22:04:30','2018-10-27 22:04:30',NULL),(249,2,18,'HS Yessy Set 79','Set679',0,0,0,0.00,88000.00,0.00,NULL,'https://www.missonlineshop.com/index.php?p=product/product&product_id=4322',NULL,'2018-10-27 22:04:30','2018-10-27 22:04:30',NULL),(250,2,18,'HS Siza Dress 23','D2323',0,0,0,0.00,95000.00,0.00,NULL,'https://www.missonlineshop.com/index.php?p=product/product&product_id=4449',NULL,'2018-10-27 22:04:30','2018-10-27 22:04:30',NULL),(251,2,18,'HS Tanaya Jumpsuit 10','Js810',0,0,0,0.00,117000.00,0.00,NULL,'https://www.missonlineshop.com/index.php?p=product/product&product_id=4446',NULL,'2018-10-27 22:04:30','2018-10-27 22:04:30',NULL),(252,2,18,'HS Omura Dress 25','D2325',0,0,0,0.00,90000.00,0.00,NULL,'https://www.missonlineshop.com/index.php?p=product/product&product_id=4458',NULL,'2018-10-27 22:04:30','2018-10-27 22:04:30',NULL),(253,2,18,'HS Timika Blouse 97','Bl9097',0,1,1,71000.00,85000.00,0.00,NULL,'https://www.missonlineshop.com/index.php?p=product/product&product_id=4476',NULL,'2018-10-27 22:04:30','2018-10-27 22:04:30',NULL),(254,2,18,'HS Keisha Blouse 01','B1601',0,0,0,0.00,95000.00,0.00,NULL,'https://www.missonlineshop.com/index.php?p=product/product&product_id=3859',NULL,'2018-10-27 22:04:30','2018-10-27 22:04:30',NULL),(255,2,18,'HS Switch Blouse 95','Bl9095',0,0,0,0.00,79000.00,0.00,NULL,'https://www.missonlineshop.com/index.php?p=product/product&product_id=4470',NULL,'2018-10-27 22:04:30','2018-10-27 22:04:30',NULL),(256,2,18,'HS Flower Dress 73','D2073',0,0,0,0.00,82000.00,0.00,NULL,'https://www.missonlineshop.com/index.php?p=product/product&product_id=1944',NULL,'2018-10-27 22:04:30','2018-10-27 22:04:30',NULL),(257,2,18,'HS Florian Dress 73','D2273',0,0,0,0.00,105000.00,0.00,NULL,'https://www.missonlineshop.com/d2273.html',NULL,'2018-10-27 22:04:30','2018-10-27 22:04:30',NULL),(258,2,18,'HS Prisket Pants 73','C973',0,0,0,0.00,67000.00,0.00,NULL,'https://www.missonlineshop.com/index.php?p=product/product&product_id=663',NULL,'2018-10-27 22:04:30','2018-10-27 22:04:30',NULL),(259,2,18,'HS Prisket Skirt 13','R713',0,0,0,0.00,65000.00,0.00,NULL,'https://www.missonlineshop.com/r713-rok-plisket-prisket.html',NULL,'2018-10-27 22:04:30','2018-10-27 22:04:30',NULL),(260,2,18,'HS Twily Skirt 57','R757',0,0,0,0.00,98000.00,0.00,NULL,'https://www.missonlineshop.com/index.php?p=product/product&product_id=3441',NULL,'2018-10-27 22:04:30','2018-10-27 22:04:30',NULL),(261,2,18,'HS Jeje Blouse 96','Bl9096',0,0,0,0.00,78000.00,0.00,NULL,'https://www.missonlineshop.com/index.php?p=product/product&product_id=4471',NULL,'2018-10-27 22:04:30','2018-10-27 22:04:30',NULL),(262,2,18,'HS Syarifa Gamis 50','MH250',0,0,0,0.00,126000.00,0.00,NULL,'https://www.missonlineshop.com/index.php?p=product/product&product_id=3159',NULL,'2018-10-27 22:04:30','2018-10-27 22:04:30',NULL),(263,2,18,'HS Tracy Dress 75','D2275',0,0,0,0.00,95000.00,0.00,NULL,'https://www.missonlineshop.com/index.php?p=product/product&product_id=4099',NULL,'2018-10-27 22:04:30','2018-10-27 22:04:30',NULL),(264,2,18,'HS Lilla Blouse 89','Bl9089',0,0,0,0.00,75000.00,0.00,NULL,'https://www.missonlineshop.com/bl9089.html',NULL,'2018-10-27 22:04:30','2018-10-27 22:04:30',NULL),(265,2,18,'HS Formal Blouse 47','Bl8947',0,0,0,0.00,70000.00,0.00,NULL,'https://www.missonlineshop.com/bl8947.html',NULL,'2018-10-27 22:04:30','2018-10-27 22:04:30',NULL),(266,2,18,'HS Lillian Blouse 99','Bl9099',0,0,0,0.00,90000.00,0.00,NULL,'https://www.missonlineshop.com/bl9099.html',NULL,'2018-10-27 22:04:30','2018-10-27 22:04:30',NULL),(267,2,18,'HS Driva Dress 27','D2327',0,0,0,0.00,99000.00,0.00,NULL,'https://www.missonlineshop.com/index.php?p=product/product&product_id=4465',NULL,'2018-10-27 22:04:30','2018-10-27 22:04:30',NULL),(268,2,18,'HS Glitta Blouse 03','Bl9103',0,0,0,0.00,77000.00,0.00,NULL,'https://www.missonlineshop.com/index.php?p=product/product&product_id=4500',NULL,'2018-10-27 22:04:30','2018-10-27 22:04:30',NULL),(269,2,18,'HS Dolly Dress 30','D2330',0,0,0,0.00,95000.00,0.00,NULL,'https://www.missonlineshop.com/d2330.html',NULL,'2018-10-27 22:04:30','2018-10-27 22:04:30',NULL),(270,2,18,'HS Salur Set 90','set690 setelan',0,0,0,0.00,120000.00,0.00,NULL,'https://www.missonlineshop.com/set690-setelan.html',NULL,'2018-10-27 22:04:30','2018-10-27 22:04:30',NULL),(271,2,18,'HS Kimima Blouse 18','Bl9118',0,0,0,0.00,77000.00,0.00,NULL,'https://www.missonlineshop.com/index.php?p=product/product&product_id=4566',NULL,'2018-10-27 22:04:30','2018-10-27 22:04:30',NULL),(272,2,18,'HS Ritchi Dress 45','D2345',0,0,0,0.00,100000.00,0.00,NULL,'https://www.missonlineshop.com/d2345.html',NULL,'2018-10-27 22:04:30','2018-10-27 22:04:30',NULL),(273,2,18,'HS Sizzy Dress 42','D2342',0,0,0,0.00,95000.00,0.00,NULL,'https://www.missonlineshop.com/index.php?p=product/product&product_id=4537',NULL,'2018-10-27 22:04:30','2018-10-27 22:04:30',NULL),(274,2,18,'HS Cat Blouse 15','Bl9115',0,0,0,0.00,75000.00,0.00,NULL,'https://www.missonlineshop.com/bl9115.html',NULL,'2018-10-27 22:04:30','2018-10-27 22:04:30',NULL),(275,2,18,'HS Dixas Dress 46','D2346',0,0,0,0.00,93000.00,0.00,NULL,'https://www.missonlineshop.com/index.php?p=product/product&product_id=4554',NULL,'2018-10-27 22:04:30','2018-10-27 22:04:30',NULL),(276,2,18,'HS Kanaya Blouse 62','Bl7762',0,0,0,0.00,73000.00,0.00,NULL,'https://www.missonlineshop.com/index.php?p=product/product&product_id=1194',NULL,'2018-10-27 22:04:30','2018-10-27 22:04:30',NULL),(277,2,18,'HS Umay Skirt 82','R782',0,0,0,0.00,86000.00,0.00,NULL,'https://www.missonlineshop.com/index.php?p=product/product&product_id=4558',NULL,'2018-10-27 22:04:30','2018-10-27 22:04:30',NULL),(278,2,18,'HS Keiko Dress 43','D2343',0,0,0,0.00,92000.00,0.00,NULL,'https://www.missonlineshop.com/index.php?p=product/product&product_id=4544',NULL,'2018-10-27 22:04:30','2018-10-27 22:04:30',NULL),(279,2,18,'HS Devia Dress 48','D2348',0,0,0,0.00,92000.00,0.00,NULL,'https://www.missonlineshop.com/index.php?p=product/product&product_id=4552',NULL,'2018-10-27 22:04:30','2018-10-27 22:04:30',NULL),(280,2,18,'HS Matsu Dress 28','D2328',0,0,0,0.00,90000.00,0.00,NULL,'https://www.missonlineshop.com/d2328-dress.html',NULL,'2018-10-27 22:04:30','2018-10-27 22:04:30',NULL),(281,2,18,'HS Misco Dress 49','D2349',0,0,0,0.00,95000.00,0.00,NULL,'https://www.missonlineshop.com/index.php?p=product/product&product_id=4584',NULL,'2018-10-27 22:04:30','2018-10-27 22:04:30',NULL),(282,2,18,'HS Longiva Dress 51','D2351',0,0,0,0.00,86000.00,0.00,NULL,'https://www.missonlineshop.com/d2351.html',NULL,'2018-10-27 22:04:30','2018-10-27 22:04:30',NULL),(283,2,18,'HS Homey Set 89','Set689',0,0,0,0.00,105000.00,0.00,NULL,'https://www.missonlineshop.com/index.php?p=product/product&product_id=4519',NULL,'2018-10-27 22:04:30','2018-10-27 22:04:30',NULL),(284,2,18,'HS Jeans Jumpsuit 67','JS767',0,0,0,0.00,110000.00,0.00,NULL,'https://www.missonlineshop.com/js767.html',NULL,'2018-10-27 22:04:30','2018-10-27 22:04:30',NULL),(285,2,18,'HS Kadarshi Blouse 16','Bl9116',0,0,0,0.00,78000.00,0.00,NULL,'https://www.missonlineshop.com/index.php?p=product/product&product_id=4542',NULL,'2018-10-27 22:04:30','2018-10-27 22:04:30',NULL),(286,2,18,'HS Kimcy Jumpsuit 20','Js820',0,0,0,0.00,88000.00,0.00,NULL,'https://www.missonlineshop.com/js820.html',NULL,'2018-10-27 22:04:30','2018-10-27 22:04:30',NULL),(287,2,18,'HS Winnie Dress 59','D2359',0,0,0,0.00,80000.00,0.00,NULL,'https://www.missonlineshop.com/index.php?p=product/product&product_id=4608',NULL,'2018-10-27 22:04:30','2018-10-27 22:04:30',NULL),(288,2,18,'HS Shine SRajut 61','B1661',0,0,0,0.00,63000.00,0.00,NULL,'https://www.missonlineshop.com/index.php?p=product/product&product_id=4606',NULL,'2018-10-27 22:04:30','2018-10-27 22:04:30',NULL),(289,2,18,'HS Hvie Dress 31','D2331',0,0,0,0.00,98000.00,0.00,NULL,'https://www.missonlineshop.com/index.php?p=product/product&product_id=4495',NULL,'2018-10-27 22:04:30','2018-10-27 22:04:30',NULL),(290,2,18,'HS Raggy Dress 61','D2361',0,0,0,0.00,95000.00,0.00,NULL,'https://www.missonlineshop.com/d2361.html',NULL,'2018-10-27 22:04:30','2018-10-27 22:04:30',NULL),(291,2,18,'HS Cicha Blouse 31','Bl9131',0,0,0,0.00,80000.00,0.00,NULL,'https://www.missonlineshop.com/index.php?p=product/product&product_id=4614',NULL,'2018-10-27 22:04:30','2018-10-27 22:04:30',NULL),(292,2,18,'HS Denia Set 76','Set676',0,0,0,0.00,115000.00,0.00,NULL,'https://www.missonlineshop.com/index.php?p=product/product&product_id=4213',NULL,'2018-10-27 22:04:30','2018-10-27 22:04:30',NULL),(293,2,18,'HS Kimsa Blouse 29','Bl9129',0,0,0,0.00,78000.00,0.00,NULL,'https://www.missonlineshop.com/bl9129.html',NULL,'2018-10-27 22:04:30','2018-10-27 22:04:30',NULL),(294,2,18,'HS Crepi Blouse 40','Bl8840',0,0,0,0.00,80000.00,0.00,NULL,'https://www.missonlineshop.com/index.php?p=product/product&product_id=3970',NULL,'2018-10-27 22:04:30','2018-10-27 22:04:30',NULL),(295,2,18,'HS Zira Dress 57','D2357',0,0,0,0.00,106000.00,0.00,NULL,'https://www.missonlineshop.com/d2357.html',NULL,'2018-10-27 22:04:30','2018-10-27 22:04:30',NULL),(296,2,18,'HS Zirro Dress 63','D2363',0,0,0,0.00,93000.00,0.00,NULL,'https://www.missonlineshop.com/d2363.html',NULL,'2018-10-27 22:04:30','2018-10-27 22:04:30',NULL),(297,2,18,'HS Long Criva Dress 62','D2362',0,0,0,0.00,91000.00,0.00,NULL,'https://www.missonlineshop.com/index.php?p=product/product&product_id=4624',NULL,'2018-10-27 22:04:30','2018-10-27 22:04:30',NULL),(298,2,18,'HS Sabrina Koshy Set 95','Set695',0,0,0,0.00,113000.00,0.00,NULL,'https://www.missonlineshop.com/index.php?p=product/product&product_id=4612',NULL,'2018-10-27 22:04:30','2018-10-27 22:04:30',NULL),(299,2,18,'HS Yannie Dress 60','D2360',0,0,0,0.00,107000.00,0.00,NULL,'https://www.missonlineshop.com/index.php?p=product/product&product_id=4611',NULL,'2018-10-27 22:04:30','2018-10-27 22:04:30',NULL),(300,2,18,'HS Gruffy Blouse 11','Bl9111',0,0,0,0.00,77000.00,0.00,NULL,'https://www.missonlineshop.com/index.php?p=product/product&product_id=4513',NULL,'2018-10-27 22:04:30','2018-10-27 22:04:30',NULL),(301,2,18,'HS Square Set 96','Set696',0,0,0,0.00,99000.00,0.00,NULL,'https://www.missonlineshop.com/set696.html',NULL,'2018-10-27 22:04:30','2018-10-27 22:04:30',NULL),(302,2,18,'HS Tata Blouse 90','Bl7390',0,0,0,0.00,72000.00,0.00,NULL,'https://www.missonlineshop.com/bl7390.html',NULL,'2018-10-27 22:04:30','2018-10-27 22:04:30',NULL),(303,2,18,'HS Morocco Blouse 38','Bl9138',0,0,0,0.00,85000.00,0.00,NULL,'https://www.missonlineshop.com/index.php?p=product/product&product_id=4652',NULL,'2018-10-27 22:04:30','2018-10-27 22:04:30',NULL),(304,2,18,'HS Scanny Pants 15','C1315',0,0,0,0.00,77000.00,0.00,NULL,'https://www.missonlineshop.com/index.php?p=product/product&product_id=4656',NULL,'2018-10-27 22:04:30','2018-10-27 22:04:30',NULL),(305,2,18,'HS Earry Blouse 47','Bl9147',0,0,0,0.00,88000.00,0.00,NULL,'https://www.missonlineshop.com/bl9147.html',NULL,'2018-10-27 22:04:30','2018-10-27 22:04:30',NULL),(306,2,18,'HS Fanny Dress 66','D2366',0,0,0,0.00,103000.00,0.00,NULL,'https://www.missonlineshop.com/d2366.html',NULL,'2018-10-27 22:04:30','2018-10-27 22:04:30',NULL),(307,2,18,'HS Clara Dress 68','D2368',0,0,0,0.00,99000.00,0.00,NULL,'https://www.missonlineshop.com/d2368.html',NULL,'2018-10-27 22:04:30','2018-10-27 22:04:30',NULL),(308,2,18,'HS Kimchi Blouse 39','Bl9139',0,0,0,0.00,95000.00,0.00,NULL,'https://www.missonlineshop.com/bl9139.html',NULL,'2018-10-27 22:04:30','2018-10-27 22:04:30',NULL),(309,2,18,'HS Larry Blouse 37','Bl9137',0,0,0,0.00,80000.00,0.00,NULL,'https://www.missonlineshop.com/index.php?p=product/product&product_id=4655',NULL,'2018-10-27 22:04:30','2018-10-27 22:04:30',NULL),(310,2,18,'HS Sasx Blouse 49','Bl9149',0,0,0,0.00,89000.00,0.00,NULL,'https://www.missonlineshop.com/bl9149.html',NULL,'2018-10-27 22:04:30','2018-10-27 22:04:30',NULL),(311,2,18,'HS Rada Blouse 48','Bl9148',0,0,0,0.00,67000.00,0.00,NULL,'https://www.missonlineshop.com/bl9148.html',NULL,'2018-10-27 22:04:30','2018-10-27 22:04:30',NULL),(312,2,18,'HS Zirry Dress 65','D2365',0,0,0,0.00,93000.00,0.00,NULL,'https://www.missonlineshop.com/index.php?p=product/product&product_id=4632',NULL,'2018-10-27 22:04:30','2018-10-27 22:04:30',NULL),(313,2,18,'HS Sari Jumpsuit 21','Js721',0,0,0,0.00,99000.00,0.00,NULL,'https://www.missonlineshop.com/index.php?p=product/product&product_id=3416',NULL,'2018-10-27 22:04:30','2018-10-27 22:04:30',NULL),(314,2,18,'HS Dave Blouse 50','Bl9150',0,0,0,0.00,75000.00,0.00,NULL,'https://www.missonlineshop.com/bl9150.html',NULL,'2018-10-27 22:04:30','2018-10-27 22:04:30',NULL),(315,2,18,'HS Kitty Dress 71','D2371',0,0,0,0.00,90000.00,0.00,NULL,'https://www.missonlineshop.com/d2371.html',NULL,'2018-10-27 22:04:30','2018-10-27 22:04:30',NULL),(316,2,18,'HS Katana Blouse 53','Bl9153',0,0,0,0.00,79000.00,0.00,NULL,'https://www.missonlineshop.com/bl9153.html',NULL,'2018-10-27 22:04:30','2018-10-27 22:04:30',NULL),(317,2,18,'HS Long Panty 13','C1313',0,0,0,0.00,78000.00,0.00,NULL,'https://www.missonlineshop.com/index.php?p=product/product&product_id=4658',NULL,'2018-10-27 22:04:30','2018-10-27 22:04:30',NULL),(318,2,18,'HS Vivie Skirt 87','R787',0,0,0,0.00,78000.00,0.00,NULL,'https://www.missonlineshop.com/r787.html',NULL,'2018-10-27 22:04:30','2018-10-27 22:04:30',NULL),(319,2,18,'HS Crepa Blouse 41','Bl8841',0,0,0,0.00,82000.00,0.00,NULL,'https://www.missonlineshop.com/index.php?p=product/product&product_id=3678',NULL,'2018-10-27 22:04:30','2018-10-27 22:04:30',NULL),(320,2,18,'HS Kebaya Set 01','SET701',0,0,0,0.00,175000.00,0.00,NULL,'https://www.missonlineshop.com/set701-setelan.html',NULL,'2018-10-27 22:04:30','2018-10-27 22:04:30',NULL),(321,2,18,'HS Kinara Set 00','Set700',0,0,0,0.00,165000.00,0.00,NULL,'https://www.missonlineshop.com/set700-setelan.html',NULL,'2018-10-27 22:04:30','2018-10-27 22:04:30',NULL),(322,2,18,'HS Vanya Skirt 18','C1318',0,0,0,0.00,78000.00,0.00,NULL,'https://www.missonlineshop.com/c1318.html',NULL,'2018-10-27 22:04:30','2018-10-27 22:04:30',NULL),(323,2,18,'HS Poka Jumpsuit 25','Js825',0,0,0,0.00,72000.00,0.00,NULL,'https://www.missonlineshop.com/js825.html',NULL,'2018-10-27 22:04:30','2018-10-27 22:04:30',NULL),(324,2,18,'HS Qiwie Blouse 66','Bl8866',0,0,0,0.00,75000.00,0.00,NULL,'https://www.missonlineshop.com/index.php?p=product/product&product_id=3755',NULL,'2018-10-27 22:04:30','2018-10-27 22:04:30',NULL),(325,2,18,'HS Kissy Outer 80','B1580',0,0,0,0.00,96000.00,0.00,NULL,'https://www.missonlineshop.com/index.php?p=product/product&product_id=3339',NULL,'2018-10-27 22:04:30','2018-10-27 22:04:30',NULL),(326,2,18,'HS Tassy Outer 65','B1665',0,0,0,0.00,96000.00,0.00,NULL,'https://www.missonlineshop.com/b1665.html',NULL,'2018-10-27 22:04:30','2018-10-27 22:04:30',NULL),(327,2,18,'HS Mimo Outer 16','B1416',0,0,0,0.00,78000.00,0.00,NULL,'https://www.missonlineshop.com/index.php?p=product/product&product_id=1046',NULL,'2018-10-27 22:04:30','2018-10-27 22:04:30',NULL),(328,2,18,'HS Cardi Outer 32','B1632',0,0,0,0.00,88000.00,0.00,NULL,'https://www.missonlineshop.com/index.php?p=product/product&product_id=4226',NULL,'2018-10-27 22:04:30','2018-10-27 22:04:30',NULL),(329,2,18,'HS Timika Blouse 97','Bl9097',0,1,1,71000.00,85000.00,14000.00,NULL,'https://www.missonlineshop.com/index.php?p=product/product&product_id=4476','tunai Dian','2018-10-27 22:04:30','2018-10-27 22:04:30',NULL),(330,2,18,'HS Pinky Piyama 62','pj162',0,1,1,56000.00,65000.00,9000.00,NULL,'https://www.missonlineshop.com/index.php?p=product/product&product_id=4122','transfer','2018-10-27 22:04:30','2018-10-27 22:04:30',NULL),(331,2,19,'HS Florist Blouse','Floral Longsleeve Shirt',1,1,0,75000.00,85000.00,0.00,NULL,'https://shopee.co.id/NoonaKu-20-20Floral-20Longsleeve-20Shirt-20-2F-20Kemeja-20Motif-20Bunga-20-2F-20Kemeja-20Panjang-20Wanita-20-2F-20Grosir-20Kemeja-i.1107117.1529631598',NULL,'2018-10-28 10:52:09','2018-10-28 10:52:09',NULL),(332,2,19,'HS Denim Jijy','New Denim Skinny Pants',3,3,0,69000.00,81000.00,0.00,NULL,'https://shopee.co.id/NOONAKU-20New-20Denim-20Skinny-20Pants-20-2F-20Legging-20Best-20Seller-20-2F-20Celana-20Best-20Seller-20-2F-20Legging-20Tebal-i.1107117.440677942',NULL,'2018-10-28 10:52:09','2018-10-28 10:52:09',NULL),(333,2,19,'HS Bird Peplum Blouse ','Summer Knot Peplum ',0,0,0,0.00,79000.00,0.00,NULL,'https://shopee.co.id/NoonaKu-20-20Summer-20Knot-20Peplum-20-2F-20Atasan-20Murah-20-2F-20Atasan-20Wanita-20-2F-20Grosir-20Murah-20-2F-20Atasan-20Motif-20Bunga-i.1107117.1527353182',NULL,'2018-10-28 10:52:09','2018-10-28 10:52:09',NULL),(334,2,19,'HS Joline Blouse ','Jollin Blouse ',0,0,0,0.00,88000.00,0.00,NULL,'https://shopee.co.id/NoonaKu-20-20Jollin-20Blouse-20-2F-20Blouse-20Putih-20-2F-20Blouse-20Polos-20-2F-20Blouse-20Wanita-20Murah-i.1107117.1505472767',NULL,'2018-10-28 10:52:09','2018-10-28 10:52:09',NULL),(335,2,19,'HS Kimiso Blouse ','Kimiso Shirt',0,0,0,0.00,96000.00,0.00,NULL,'https://shopee.co.id/NoonaKu-20-20Kimiso-20Shirt-20-2F-20Blouse-20Wanita-20-2F-20Blouse-20Murah-20-2F-20Blouse-20Kekinian-20-2F-20Grosir-20Blouse-i.1107117.1507918375',NULL,'2018-10-28 10:52:09','2018-10-28 10:52:09',NULL),(336,2,19,'HS Premium Maxi Florist Jumpsuit ','Premium Maxi Floral Jumpsuit ',3,3,0,125000.00,138000.00,0.00,NULL,'https://shopee.co.id/NoonaKu-20-20Premium-20Maxi-20Floral-20Jumpsuit-20-2F-20Dress-20Jumpsuit-20Murah-20-2F-20Jumpsuit-20Kekinian-20-2F-20Jumpsuit-20Bunga-i.1107117.1505346559',NULL,'2018-10-28 10:52:09','2018-10-28 10:52:09',NULL),(337,2,19,'HS Danish Jumpsuit ','Donatella Belle Sleeve ',0,0,0,0.00,95000.00,0.00,NULL,'https://shopee.co.id/NOONAKU-20Donatella-20Belle-20Slevee-20Romper-20-2F-20Jumpsuit-20Lonceng-20-2F-20Jumpsuit-20Murah-20-2F-20Jumpsuit-20Best-20Seller-i.1107117.94160151',NULL,'2018-10-28 10:52:09','2018-10-28 10:52:09',NULL),(338,2,19,'HS Trivo Midi Cullotes ','Travis Midi Cullotes ',0,0,0,0.00,75000.00,0.00,NULL,'https://shopee.co.id/NOONAKU-20Travis-20Midi-20Culottes-20-2F-20Kulot-20Pendek-20-2F-20Kulot-20Best-20Seller-20-2F-20Kulot-20Murah-20-2F-20Kulot-20Tebal-i.1107117.265827354',NULL,'2018-10-28 10:52:09','2018-10-28 10:52:09',NULL),(339,2,19,'HS Abigail Sabrina ','Abel Sabrina',0,0,0,0.00,85000.00,0.00,NULL,'https://shopee.co.id/NoonaKu-20Abel-20Sabrina-20-2F-20Atasan-20Perempuan-20-2F-20Atasan-20Sabrina-20-2F-20Grosir-20Murah-20-2F-20Atasan-20Stylish-20-2F-20Kashibo-i.1107117.1242306311',NULL,'2018-10-28 10:52:09','2018-10-28 10:52:09',NULL),(340,2,19,'HS Fixie Dress ','Dixie Flare Dress',0,0,0,0.00,108000.00,0.00,NULL,'https://shopee.co.id/NoonaKu-20Dixie-20Flare-20Dress-20-2F-20Dress-20Scuba-20Murah-20-2F-20Dress-20Grosir-20Murah-20-2F-20Dress-20Wanita-20Trendy-20-2F-20Kekinian-i.1107117.1224551074',NULL,'2018-10-28 10:52:09','2018-10-28 10:52:09',NULL),(341,2,19,'HS Philia Flare Skirt ','Philia Flare Skirt ',0,0,0,0.00,78000.00,0.00,NULL,'https://shopee.co.id/NoonaKu-20Philia-20Flare-20Skirt-2FRok-20Wanita-2FMotif-20Bunga-2FScuba-2FSkirt-2FMurah-20Meriah-2FRok-20Kekinian-2FFeminin-2FHits-i.1107117.1117708142',NULL,'2018-10-28 10:52:09','2018-10-28 10:52:09',NULL),(342,2,19,'HS Madeline Layer Blouse ','Madeline Layer Blouse ',0,0,0,0.00,98000.00,0.00,NULL,'https://shopee.co.id/NoonaKu-20Madeline-20Layer-20Blouse-2FAtasan-20Wanita-2FBlouse-20Wanita-2FGrosir-20Murah-2FOuter-2FMurah-20Meriah-2FOuter-20Hits-i.1107117.1117663287',NULL,'2018-10-28 10:52:09','2018-10-28 10:52:09',NULL),(343,2,19,'HS Kana Mock Blouse ','Kay Mock Blouse',0,0,0,0.00,89000.00,0.00,NULL,'https://shopee.co.id/NOONAKU-20-2F-20Kay-20Mock-20Blouse-20-2F-20Atasan-20Murah-20-2F-20Atasan-20Best-20Seller-20-2F-20Atasan-20Polos-20-2F-20Grosir-20Blouse-i.1107117.1074524250',NULL,'2018-10-28 10:52:09','2018-10-28 10:52:09',NULL),(344,2,19,'HS Lily Crossback Dress ','Dyvette Crossback Dress ',0,0,0,0.00,108000.00,0.00,NULL,'https://shopee.co.id/NOONAKU-20Dyvette-20Cross-20Back-20Dress-2F-20Dress-20Murah-20-2F-20Dress-20Best-20Seller-i.1107117.938182627',NULL,'2018-10-28 10:52:09','2018-10-28 10:52:09',NULL),(345,2,19,'HS Keira Tartan Peplum ','Kaira Tartan Peplum',0,0,0,0.00,75000.00,0.00,NULL,'https://shopee.co.id/NoonaKu-20Kaira-20Tartan-20Peplum-20-2F-20Atasan-20Peplum-20Murah-20-2F-20Atasan-20Lengan-20Buntung-i.1107117.938161690',NULL,'2018-10-28 10:52:09','2018-10-28 10:52:09',NULL),(346,2,19,'HS Sweetie Sabrina Dress ','Florence Sabrina Dress',0,0,0,0.00,105000.00,0.00,NULL,'https://shopee.co.id/Florence-20Sabrina-20Dress-20-2F-20Dress-20Murah-20-2F-20Dress-20Best-20Seller-i.1107117.959863243',NULL,'2018-10-28 10:52:09','2018-10-28 10:52:09',NULL),(347,2,19,'HS Sweetie Short Sleeve Hanbok ','Aeri Hanbok Short',0,0,0,0.00,85000.00,0.00,NULL,'https://shopee.co.id/NOONAKU-20-2F-20Aeri-20Hanbok-20Short-20-2F-20Hanbok-20Bunga-20-2F-20Hanbok-20Murah-20-2F-20Hanbok-20Best-20Seller-20-2F-20Grosir-20Hanbok-i.1107117.1010556294',NULL,'2018-10-28 10:52:09','2018-10-28 10:52:09',NULL),(348,2,19,'HS Sweetie Long Sleeve Hanbok ','Yoona Longsleeve Hanbok ',0,0,0,0.00,95000.00,0.00,NULL,'https://shopee.co.id/NOONAKU-20-2F-20Yoona-20Longsleeve-20Hanbok-20-2F-20Hanbok-20Murah-20-2F-20Hanbok-20Best-20Seller-20-2F-20Grosir-20Hanbok-20-2F-20Hanbok-20bunga-i.1107117.1026956702',NULL,'2018-10-28 10:52:09','2018-10-28 10:52:09',NULL),(349,2,19,'HS Long Sleeve Hanbok ','Hyeon Hanbok Longsleeve ',0,0,0,0.00,90000.00,0.00,NULL,'https://shopee.co.id/NoonaKu-20Hyeon-20Hanbok-20-2F-20Atasan-20Murah-20-2F-20Lengan-20Panjang-20-2F-20Atasan-20Best-20Seller-i.1107117.930667767',NULL,'2018-10-28 10:52:09','2018-10-28 10:52:09',NULL),(350,2,19,'HS Short Sleeve Hanbok ','GI Short Sleeve Hanbok ',0,0,0,0.00,80000.00,0.00,NULL,'https://shopee.co.id/NoonaKu-20GI-20Short-20Sleeve-20Hanbok-20-2F-20Atasan-20Murah-20-2F-20Atasan-20Best-20Seller-i.1107117.930637779',NULL,'2018-10-28 10:52:09','2018-10-28 10:52:09',NULL),(351,2,19,'HS Guccy Peplum Dress ','Georgia Peplum Dress ',0,1,1,89000.00,101000.00,12000.00,NULL,'https://shopee.co.id/noonakusignature/1545242815?version=b59b0e2ccb18b7de5cf0b808197d6bb4','Transfer Ci Viena','2018-10-28 10:52:09','2018-10-28 10:52:09',NULL),(352,2,19,'HS Rinna Dress ','Rachel Dress ',0,0,0,0.00,101000.00,0.00,NULL,'https://shopee.co.id/noonakusignature/1542293295?version=abebd17b1c63e8a74afcd281d3fe21d4',NULL,'2018-10-28 10:52:09','2018-10-28 10:52:09',NULL),(353,2,19,'HS Miso Blouse ','Kimiso Knot Shirt',0,0,0,0.00,99000.00,0.00,NULL,'https://shopee.co.id/NoonaKu-20-20Kimiso-20Shirt-20-2F-20Blouse-20Wanita-20-2F-20Blouse-20Murah-20-2F-20Blouse-20Kekinian-20-2F-20Grosir-20Blouse-i.1107117.1507918375',NULL,'2018-10-28 10:52:09','2018-10-28 10:52:09',NULL),(354,2,19,'HS Jully Blouse','Julia Blouse ',0,0,0,0.00,86000.00,0.00,NULL,'https://shopee.co.id/NoonaKu-20-20Julia-20Blouse-20-2F-20Blouse-20Wanita-20-2F-20Blouse-20Tumpuk-20-2F-20Atasan-20Murah-20-2F-20Best-20Seller-20-2F-20Atasan-20Grosir-i.1107117.1552224742',NULL,'2018-10-28 10:52:09','2018-10-28 10:52:09',NULL),(355,2,19,'HS Neil Blouse','Neil High Neck Top',0,0,0,0.00,70000.00,0.00,NULL,'https://shopee.co.id/noonakusignature/46888926?version=63545d98f550b7a4e7da4e0dcdccbe77',NULL,'2018-10-28 10:52:09','2018-10-28 10:52:09',NULL),(356,2,19,'HS Embroidery Peplum Dress ','Upsize Embroidery Peplum Dress ',0,0,0,98000.00,115000.00,0.00,NULL,'https://shopee.co.id/noonakusignature/1563210905?version=022fdab8658f27f54d571a367c2b86b5',NULL,'2018-10-28 10:52:09','2018-10-28 10:52:09',NULL),(357,2,19,'HS Eonna Dress','Eonni Dress Upsize',0,0,0,88000.00,112000.00,0.00,NULL,'https://shopee.co.id/noonakusignature/1587657601?version=d9ee858ca84043cba30e8a9f0b5ab76b',NULL,'2018-10-28 10:52:09','2018-10-28 10:52:09',NULL),(358,2,19,'HS Premium Flare Dress ','Premium Flare Dress ',0,0,0,125000.00,138000.00,0.00,NULL,'https://shopee.co.id/noonakusignature/1602377879?version=1c819561f41940f6dfce09f57c7376f0',NULL,'2018-10-28 10:52:09','2018-10-28 10:52:09',NULL),(359,2,19,'HS Anjana Kaftan Premium','Anjani Kaftan',0,0,0,119000.00,140000.00,0.00,NULL,'https://shopee.co.id/noonakusignature/1603447517?version=b0e49aa2c1e84a87fd80abea35a79199',NULL,'2018-10-28 10:52:09','2018-10-28 10:52:09',NULL),(360,2,19,'HS Frisia Floral Jacket','Floral Bomber Jacket',0,0,0,89000.00,113000.00,0.00,NULL,'https://shopee.co.id/noonakusignature/1597891080?version=96bcee9890c527720ead6e95adfcc8ed',NULL,'2018-10-28 10:52:09','2018-10-28 10:52:09',NULL),(361,2,19,'HS Ralina Embroidery Dress ','Raline Embroidery Denim Dress',0,0,0,89000.00,113000.00,0.00,NULL,'https://shopee.co.id/noonakusignature/734414071?version=db8bf5e6fe9a8d2e1f65114203943514',NULL,'2018-10-28 10:52:09','2018-10-28 10:52:09',NULL),(362,2,20,'HS Billa Batic Tile','bidela halter Peplum tile',1,2,1,77000.00,120000.00,43000.00,NULL,'https://shopee.co.id/clothtowear/1136817533?version=9c2bcb2bbd54011977ffb282663d4681','tunai','2018-10-28 10:59:11','2018-10-28 10:59:11',NULL),(363,2,20,'HS Bille Batic Blouse','Bidela long bell top',1,2,1,80000.00,90000.00,10000.00,NULL,'https://shopee.co.id/clothtowear/1122412576?version=54b38d71064c90fa2ff028da2f22a664','tunai','2018-10-28 10:59:11','2018-10-28 10:59:11',NULL),(364,2,20,'HS Shakila Twotone Dress','Twotone sab sakinah orange',0,0,0,0.00,125000.00,0.00,NULL,'https://shopee.co.id/clothtowear/237780246?version=ee5a226a40e9084860df31c783353935',NULL,'2018-10-28 10:59:11','2018-10-28 10:59:11',NULL),(365,2,20,'HS Vivene Twotone Dress','Vivere Twotone Ribbon brown',0,0,0,0.00,125000.00,0.00,NULL,'https://shopee.co.id/clothtowear/138130111?version=c1f12fd55802b6a13d71b9496574aed0',NULL,'2018-10-28 10:59:11','2018-10-28 10:59:11',NULL),(366,2,20,'HS Shierly Brukat Blouse','Sherly Brukat Tail top',0,1,0,90000.00,100000.00,0.00,NULL,'https://shopee.co.id/clothtowear/1380739738?version=e1a4f997bd5b9300311964c02277cc5e',NULL,'2018-10-28 10:59:11','2018-10-28 10:59:11',NULL),(367,2,20,'HS Delove Twotone Dress','Twotone Sab Delova maroon ',0,0,0,0.00,125000.00,0.00,NULL,'https://shopee.co.id/clothtowear/206694860?version=3f964a108643993a7fc169b8210a364b',NULL,'2018-10-28 10:59:11','2018-10-28 10:59:11',NULL),(368,2,20,'HS Sharly Brukat Blouse','Sherly halt tail top',0,1,0,90000.00,100000.00,0.00,NULL,'https://shopee.co.id/clothtowear/1377995088?version=3f4443d292276fbb26c60ef8f09d3316',NULL,'2018-10-28 10:59:11','2018-10-28 10:59:11',NULL),(369,2,20,'HS Marry Brukat Blouse','Markin tile round top',0,1,0,90000.00,100000.00,0.00,NULL,'https://shopee.co.id/clothtowear/1394810799?version=1f20c232366d113d97908b98e21e533f',NULL,'2018-10-28 10:59:11','2018-10-28 10:59:11',NULL),(370,2,20,'HS Steffi Asymetric Blouse','stevi asymetric side top',0,1,0,80000.00,90000.00,0.00,NULL,'https://shopee.co.id/clothtowear/1405337956?version=cca6181d3c1109c4c83318faec7586b8',NULL,'2018-10-28 10:59:11','2018-10-28 10:59:11',NULL),(371,2,20,'HS Bille BT Blouse','Bidela long BT top',0,0,0,90000.00,100000.00,0.00,NULL,'https://shopee.co.id/clothtowear/970408465?version=a0aa7177cd28e151831cf2261065595e',NULL,'2018-10-28 10:59:11','2018-10-28 10:59:11',NULL),(372,2,20,'HS Billa Batic Brukat ','Bidela combination brukat',0,0,0,110000.00,125000.00,0.00,NULL,'https://shopee.co.id/clothtowear/1439557177?version=215ada4d2495a1ea93bce7e084691a59',NULL,'2018-10-28 10:59:11','2018-10-28 10:59:11',NULL),(373,2,20,'HS Billa Batic Brukat Wide','Bidela Brukat Wide arm',0,0,0,110000.00,125000.00,0.00,NULL,'https://shopee.co.id/clothtowear/1329190569?version=cbb5d3b3f233d7f3b5ddac0d30aab5ee',NULL,'2018-10-28 10:59:11','2018-10-28 10:59:11',NULL),(374,2,20,'HS Brunetta Brukat Blouse ','Bruneta Halt tail top',0,0,0,0.00,100000.00,0.00,NULL,'https://shopee.co.id/clothtowear/1400720737?version=1128516b4f200926e6bd44f7949a5e34',NULL,'2018-10-28 10:59:11','2018-10-28 10:59:11',NULL),(375,2,20,'HS Barisha Sabrina Span','Barsha Sabrina Asymetric Span',0,0,0,100000.00,115000.00,0.00,NULL,'https://shopee.co.id/clothtowear/885980202?version=3f463489066ddb52eae98432141e9d1c',NULL,'2018-10-28 10:59:11','2018-10-28 10:59:11',NULL),(376,2,20,'HS Franda Twotone Dress','Twotone Combination Short Franda',0,0,0,100000.00,125000.00,0.00,NULL,'https://shopee.co.id/clothtowear/1132034654?version=63a5525510773dd50383f2d68d017dc6',NULL,'2018-10-28 10:59:11','2018-10-28 10:59:11',NULL),(377,2,20,'HS Steffi Peplum Tile','Stevi halter Peplum tile',0,0,0,110000.00,125000.00,0.00,NULL,'https://shopee.co.id/clothtowear/1413475691?version=0452efa9e85560fa417f02ed6d5f0c1b',NULL,'2018-10-28 10:59:11','2018-10-28 10:59:11',NULL),(378,2,20,'HS Bille Batic Man','Bidela man t shirt',0,0,0,110000.00,125000.00,0.00,NULL,'https://shopee.co.id/clothtowear/1104010003?version=223a6453ec6589580e0c2dc7b28df17e',NULL,'2018-10-28 10:59:11','2018-10-28 10:59:11',NULL),(379,2,20,'HS Steffi Man','Stevi man t shirt',0,0,0,110000.00,125000.00,0.00,NULL,'https://shopee.co.id/clothtowear/1394096933?version=bf189d879a385a9df0d983967d3b169a',NULL,'2018-10-28 10:59:11','2018-10-28 10:59:11',NULL),(380,2,20,'HS Marry Man ','Markin man t shirt ',0,0,0,110000.00,125000.00,0.00,NULL,'https://shopee.co.id/clothtowear/1394802139?version=61bba630135f3925e78f1bd83aaffdcf',NULL,'2018-10-28 10:59:11','2018-10-28 10:59:11',NULL),(381,2,21,'HS Chica Batic Blouse ','Chicory New',0,0,0,85000.00,95000.00,0.00,NULL,'https://shopee.co.id/evercloth/252589750?version=4dfdfc58522b00155f146dff83d8d1b1',NULL,'2018-10-28 11:04:33','2018-10-28 11:04:33',NULL),(382,2,21,'HS Drey Batic Blouse ','Dreamy top XXL',0,0,0,85000.00,95000.00,0.00,NULL,'https://shopee.co.id/evercloth/1110088023?version=b55b67a2a8f0c57bf4fe40a78a35adce',NULL,'2018-10-28 11:04:33','2018-10-28 11:04:33',NULL),(383,2,21,'HS Vonnie Batic Blouse ','Vonny top jumbo',0,0,0,85000.00,95000.00,0.00,NULL,'https://shopee.co.id/evercloth/1136934817?version=728f7537559313b13579338b099f3aaf',NULL,'2018-10-28 11:04:33','2018-10-28 11:04:33',NULL);

/*Table structure for table `roles` */

DROP TABLE IF EXISTS `roles`;

CREATE TABLE `roles` (
  `id` int(10) unsigned NOT NULL AUTO_INCREMENT,
  `name` varchar(255) COLLATE utf8mb4_unicode_ci NOT NULL,
  `display_name` varchar(255) COLLATE utf8mb4_unicode_ci NOT NULL,
  `created_at` timestamp NULL DEFAULT NULL,
  `updated_at` timestamp NULL DEFAULT NULL,
  PRIMARY KEY (`id`),
  UNIQUE KEY `roles_name_unique` (`name`)
) ENGINE=InnoDB AUTO_INCREMENT=3 DEFAULT CHARSET=utf8mb4 COLLATE=utf8mb4_unicode_ci;

/*Data for the table `roles` */

insert  into `roles`(`id`,`name`,`display_name`,`created_at`,`updated_at`) values (1,'admin','Administrator','2018-12-08 13:58:09','2018-12-08 13:58:09'),(2,'user','Normal User','2018-12-08 13:58:09','2018-12-08 13:58:09');

/*Table structure for table `settings` */

DROP TABLE IF EXISTS `settings`;

CREATE TABLE `settings` (
  `id` int(10) unsigned NOT NULL AUTO_INCREMENT,
  `key` varchar(255) COLLATE utf8mb4_unicode_ci NOT NULL,
  `display_name` varchar(255) COLLATE utf8mb4_unicode_ci NOT NULL,
  `value` text COLLATE utf8mb4_unicode_ci,
  `details` text COLLATE utf8mb4_unicode_ci,
  `type` varchar(255) COLLATE utf8mb4_unicode_ci NOT NULL,
  `order` int(11) NOT NULL DEFAULT '1',
  `group` varchar(255) COLLATE utf8mb4_unicode_ci DEFAULT NULL,
  PRIMARY KEY (`id`),
  UNIQUE KEY `settings_key_unique` (`key`)
) ENGINE=InnoDB AUTO_INCREMENT=11 DEFAULT CHARSET=utf8mb4 COLLATE=utf8mb4_unicode_ci;

/*Data for the table `settings` */

insert  into `settings`(`id`,`key`,`display_name`,`value`,`details`,`type`,`order`,`group`) values (1,'site.title','Site Title','Site Title','','text',1,'Site'),(2,'site.description','Site Description','Site Description','','text',2,'Site'),(3,'site.logo','Site Logo','','','image',3,'Site'),(4,'site.google_analytics_tracking_id','Google Analytics Tracking ID','','','text',4,'Site'),(5,'admin.bg_image','Admin Background Image','','','image',5,'Admin'),(6,'admin.title','Admin Title','Voyager','','text',1,'Admin'),(7,'admin.description','Admin Description','Welcome to Voyager. The Missing Admin for Laravel','','text',2,'Admin'),(8,'admin.loader','Admin Loader','','','image',3,'Admin'),(9,'admin.icon_image','Admin Icon Image','','','image',4,'Admin'),(10,'admin.google_analytics_client_id','Google Analytics Client ID (used for admin dashboard)','','','text',1,'Admin');

/*Table structure for table `suppliers` */

DROP TABLE IF EXISTS `suppliers`;

CREATE TABLE `suppliers` (
  `id` int(10) unsigned NOT NULL AUTO_INCREMENT,
  `user_id` int(11) DEFAULT NULL,
  `name` varchar(100) COLLATE utf8mb4_unicode_ci NOT NULL,
  `created_at` timestamp NULL DEFAULT NULL,
  `updated_at` timestamp NULL DEFAULT NULL,
  `deleted_at` timestamp NULL DEFAULT NULL,
  PRIMARY KEY (`id`)
) ENGINE=InnoDB AUTO_INCREMENT=22 DEFAULT CHARSET=utf8mb4 COLLATE=utf8mb4_unicode_ci;

/*Data for the table `suppliers` */

insert  into `suppliers`(`id`,`user_id`,`name`,`created_at`,`updated_at`,`deleted_at`) values (18,2,'Missonline','2018-12-09 05:47:26','2018-12-09 05:48:07',NULL),(19,2,'Noonakusign','2018-12-09 05:47:26','2018-12-09 05:48:28',NULL),(20,2,'Clothtowear','2018-12-09 05:47:26','2018-12-09 05:48:37',NULL),(21,2,'Evercloth','2018-12-09 05:47:26','2018-12-09 05:48:47',NULL);

/*Table structure for table `translations` */

DROP TABLE IF EXISTS `translations`;

CREATE TABLE `translations` (
  `id` int(10) unsigned NOT NULL AUTO_INCREMENT,
  `table_name` varchar(255) COLLATE utf8mb4_unicode_ci NOT NULL,
  `column_name` varchar(255) COLLATE utf8mb4_unicode_ci NOT NULL,
  `foreign_key` int(10) unsigned NOT NULL,
  `locale` varchar(255) COLLATE utf8mb4_unicode_ci NOT NULL,
  `value` text COLLATE utf8mb4_unicode_ci NOT NULL,
  `created_at` timestamp NULL DEFAULT NULL,
  `updated_at` timestamp NULL DEFAULT NULL,
  PRIMARY KEY (`id`),
  UNIQUE KEY `translations_table_name_column_name_foreign_key_locale_unique` (`table_name`,`column_name`,`foreign_key`,`locale`)
) ENGINE=InnoDB AUTO_INCREMENT=31 DEFAULT CHARSET=utf8mb4 COLLATE=utf8mb4_unicode_ci;

/*Data for the table `translations` */

insert  into `translations`(`id`,`table_name`,`column_name`,`foreign_key`,`locale`,`value`,`created_at`,`updated_at`) values (1,'data_types','display_name_singular',5,'pt','Post','2018-12-08 13:58:10','2018-12-08 13:58:10'),(2,'data_types','display_name_singular',6,'pt','Página','2018-12-08 13:58:10','2018-12-08 13:58:10'),(3,'data_types','display_name_singular',1,'pt','Utilizador','2018-12-08 13:58:10','2018-12-08 13:58:10'),(4,'data_types','display_name_singular',4,'pt','Categoria','2018-12-08 13:58:10','2018-12-08 13:58:10'),(5,'data_types','display_name_singular',2,'pt','Menu','2018-12-08 13:58:10','2018-12-08 13:58:10'),(6,'data_types','display_name_singular',3,'pt','Função','2018-12-08 13:58:10','2018-12-08 13:58:10'),(7,'data_types','display_name_plural',5,'pt','Posts','2018-12-08 13:58:10','2018-12-08 13:58:10'),(8,'data_types','display_name_plural',6,'pt','Páginas','2018-12-08 13:58:10','2018-12-08 13:58:10'),(9,'data_types','display_name_plural',1,'pt','Utilizadores','2018-12-08 13:58:10','2018-12-08 13:58:10'),(10,'data_types','display_name_plural',4,'pt','Categorias','2018-12-08 13:58:10','2018-12-08 13:58:10'),(11,'data_types','display_name_plural',2,'pt','Menus','2018-12-08 13:58:10','2018-12-08 13:58:10'),(12,'data_types','display_name_plural',3,'pt','Funções','2018-12-08 13:58:10','2018-12-08 13:58:10'),(13,'categories','slug',1,'pt','categoria-1','2018-12-08 13:58:10','2018-12-08 13:58:10'),(14,'categories','name',1,'pt','Categoria 1','2018-12-08 13:58:10','2018-12-08 13:58:10'),(15,'categories','slug',2,'pt','categoria-2','2018-12-08 13:58:10','2018-12-08 13:58:10'),(16,'categories','name',2,'pt','Categoria 2','2018-12-08 13:58:10','2018-12-08 13:58:10'),(17,'pages','title',1,'pt','Olá Mundo','2018-12-08 13:58:10','2018-12-08 13:58:10'),(18,'pages','slug',1,'pt','ola-mundo','2018-12-08 13:58:10','2018-12-08 13:58:10'),(19,'pages','body',1,'pt','<p>Olá Mundo. Scallywag grog swab Cat o\'nine tails scuttle rigging hardtack cable nipper Yellow Jack. Handsomely spirits knave lad killick landlubber or just lubber deadlights chantey pinnace crack Jennys tea cup. Provost long clothes black spot Yellow Jack bilged on her anchor league lateen sail case shot lee tackle.</p>\r\n<p>Ballast spirits fluke topmast me quarterdeck schooner landlubber or just lubber gabion belaying pin. Pinnace stern galleon starboard warp carouser to go on account dance the hempen jig jolly boat measured fer yer chains. Man-of-war fire in the hole nipperkin handsomely doubloon barkadeer Brethren of the Coast gibbet driver squiffy.</p>','2018-12-08 13:58:10','2018-12-08 13:58:10'),(20,'menu_items','title',1,'pt','Painel de Controle','2018-12-08 13:58:10','2018-12-08 13:58:10'),(21,'menu_items','title',2,'pt','Media','2018-12-08 13:58:10','2018-12-08 13:58:10'),(22,'menu_items','title',12,'pt','Publicações','2018-12-08 13:58:10','2018-12-08 13:58:10'),(23,'menu_items','title',3,'pt','Utilizadores','2018-12-08 13:58:10','2018-12-08 13:58:10'),(24,'menu_items','title',11,'pt','Categorias','2018-12-08 13:58:10','2018-12-08 13:58:10'),(25,'menu_items','title',13,'pt','Páginas','2018-12-08 13:58:10','2018-12-08 13:58:10'),(26,'menu_items','title',4,'pt','Funções','2018-12-08 13:58:10','2018-12-08 13:58:10'),(27,'menu_items','title',5,'pt','Ferramentas','2018-12-08 13:58:10','2018-12-08 13:58:10'),(28,'menu_items','title',6,'pt','Menus','2018-12-08 13:58:10','2018-12-08 13:58:10'),(29,'menu_items','title',7,'pt','Base de dados','2018-12-08 13:58:10','2018-12-08 13:58:10'),(30,'menu_items','title',10,'pt','Configurações','2018-12-08 13:58:10','2018-12-08 13:58:10');

/*Table structure for table `user_roles` */

DROP TABLE IF EXISTS `user_roles`;

CREATE TABLE `user_roles` (
  `user_id` int(10) unsigned NOT NULL,
  `role_id` int(10) unsigned NOT NULL,
  PRIMARY KEY (`user_id`,`role_id`),
  KEY `user_roles_user_id_index` (`user_id`),
  KEY `user_roles_role_id_index` (`role_id`),
  CONSTRAINT `user_roles_role_id_foreign` FOREIGN KEY (`role_id`) REFERENCES `roles` (`id`) ON DELETE CASCADE,
  CONSTRAINT `user_roles_user_id_foreign` FOREIGN KEY (`user_id`) REFERENCES `users` (`id`) ON DELETE CASCADE
) ENGINE=InnoDB DEFAULT CHARSET=utf8mb4 COLLATE=utf8mb4_unicode_ci;

/*Data for the table `user_roles` */

/*Table structure for table `users` */

DROP TABLE IF EXISTS `users`;

CREATE TABLE `users` (
  `id` int(10) unsigned NOT NULL AUTO_INCREMENT,
  `role_id` int(10) unsigned DEFAULT NULL,
  `name` varchar(255) COLLATE utf8mb4_unicode_ci NOT NULL,
  `email` varchar(255) COLLATE utf8mb4_unicode_ci NOT NULL,
  `avatar` varchar(255) COLLATE utf8mb4_unicode_ci DEFAULT 'users/default.png',
  `email_verified_at` timestamp NULL DEFAULT NULL,
  `password` varchar(255) COLLATE utf8mb4_unicode_ci NOT NULL,
  `remember_token` varchar(100) COLLATE utf8mb4_unicode_ci DEFAULT NULL,
  `settings` text COLLATE utf8mb4_unicode_ci,
  `created_at` timestamp NULL DEFAULT NULL,
  `updated_at` timestamp NULL DEFAULT NULL,
  PRIMARY KEY (`id`),
  UNIQUE KEY `users_email_unique` (`email`),
  KEY `users_role_id_foreign` (`role_id`),
  CONSTRAINT `users_role_id_foreign` FOREIGN KEY (`role_id`) REFERENCES `roles` (`id`)
) ENGINE=InnoDB AUTO_INCREMENT=3 DEFAULT CHARSET=utf8mb4 COLLATE=utf8mb4_unicode_ci;

/*Data for the table `users` */

insert  into `users`(`id`,`role_id`,`name`,`email`,`avatar`,`email_verified_at`,`password`,`remember_token`,`settings`,`created_at`,`updated_at`) values (1,1,'Bayu','boedy.bayu@gmail.com','users/default.png',NULL,'$2y$10$xfov7LQoG/OXqMtCXRrqmOfwxPkxS.dJx.BdpnChDw82PlbtJVsPS','ecMBXx6pu6StzQ0S80XABfL0an5zcEyLslrybz9l1HwtzzRge7Mz1JosR9Bp','{\"locale\":\"en\"}','2018-12-08 13:58:09','2018-12-09 05:27:43'),(2,2,'Hanny','hannytan18@gmail.com','users/default.png',NULL,'$2y$10$wVSpjTRQt.jQABAhbF6ITe6IMFawv1qNLkiaSOczFMpackXgJLkaC','6cpOl5i5WM5UhNAelQw1PnwCuGVgeW4ZA4I1ZMOksuhbd3nKBfNYkknzFl6b','{\"locale\":\"en\"}','2018-12-09 05:23:14','2018-12-09 13:53:25');

/*!40101 SET SQL_MODE=@OLD_SQL_MODE */;
/*!40014 SET FOREIGN_KEY_CHECKS=@OLD_FOREIGN_KEY_CHECKS */;
/*!40014 SET UNIQUE_CHECKS=@OLD_UNIQUE_CHECKS */;
/*!40111 SET SQL_NOTES=@OLD_SQL_NOTES */;
